FB_NR,BFS_WENKER,ORTSNAME,X,Y,,,Bezirk,Kanton,Transkription
42741,4436_1,Romanshorn,746032,270134,"47.56566, 9.37932",,Arbon,TG,ja
42742,4416_1,Hatswil,741944,268937,,,Arbon,TG,ja
42743,4441_2,Salmsach,745421,268971,,,Arbon,TG,ja
42744,4441_1,Hungerbühl,744449,268255,,,Arbon,TG,ja
42745,4411_1,Egnach,746367,267729,,,Arbon,TG,ja
42746,4411_5,Steinebrunn,743373,266560,,,Arbon,TG,ja
42747,4411_3,Neukirch,745428,266007,,,Arbon,TG,ja
42748,4401_2,Frasnacht,748034,266046,,,Arbon,TG,ja / in Bearb.
42749,4401_1,Arbon,750492,264623,,,Arbon,TG,ja
42750,4431_2,Roggwil ,747445,262879,,,Arbon,TG,ja
42767,4431_1,Freidorf,747526,261173,,,Arbon,TG,ja
42768,3215_1,Rorschach,754791,260686,,,Rorschach,SG,ja
42769,3214_1,Mörschwil,749666,259397,,,Rorschach,SG,ja
42770,3204_1,Wittenbach,746995,258740,,,SG,SG,ja
42771,3219_1,Untereggen,751754,257868,,,Rorschach,SG,ja
42772,3442_1,Engelburg,638575,242841,,,Gossau,SG,ja
42773,3212_2,Eggersriet,753348,256636,,,Rorschach,SG,ja
42774,3034_1,Kaien,755665,254979,,,Vorderland,AR,ja
42775,3034_2,Robach,752868,255451,,,Vorderland,AR,ja
42776,3034_3,Rehetobel,754220,254826,,,Vorderland,AR,ja
42777,3203_1,St. Gallen,746282,254306,,,SG,SG,ja / ja
42778,4421_1,Horn,752507,262262,,,Arbon,TG,ja
42785,3237_1,Altenrhein,759186,262057,,,Unterrheintal,SG,ja
42786,3237_2,Thal,760630,259258,,,Unterrheintal,SG,ja
42787,3235_1,Rheineck,762223,259621,,,Unterrheintal,SG,ja
42788,3033_1,Lutzenberg,761730,258746,,,Vorderland,AR,ja
42789,3212_1,Grub ,756522,257985,,,Rorschach,SG,ja
42790,3038_1,Wolfhalden,759272,258035,,,Vorderland,AR,ja
42791,3031_1,Grub ,756040,257264,,,Vorderland,AR,ja
42792,3032_1,Heiden,757825,256855,,,Vorderland,AR,ja
42793,3038_2,Tanne Gm. Wolfhalden,759779,257135,,,Vorderland,AR,ja
42794,3037_1,Walzenhausen,763095,257843,,,Vorderland,AR,ja
42795,3231_2,Au,585557,204469,,,Unterrheintal,SG,ja
42796,3111_1,Oberegg,759569,254536,,,,AI,ja
42797,3038_4,Zelg Gm. Wolfhalden,761136,258010,,,Vorderland,AR,ja
42817,3036_1,Wald ,754825,253687,,,Vorderland,AR,ja
42818,3025_1,Trogen,752903,252760,,,Mittelland,AR,ja
42819,3024_1,Teufen ,747323,250642,,,Mittelland,AR,ja
42820,3005_1,Stein ,743955,248824,,,Hinterland,AR,ja
42821,3022_1,Gais,752021,247518,,,Mittelland,AR,ja / ja
42822,3232_1,Balgach,763751,253108,,,Unterrheintal,SG,ja
42827,3251_4,Lüchingen 2,759765,250631,,,Oberrheintal,SG,ja
42828,3234_1,Diepoldsau,767320,250716,,,Unterrheintal,SG,ja
42829,3251_1,Altstätten,758922,249652,,,Oberrheintal,SG,ja
42830,3251_5,Warmesberg,756444,248053,,,Oberrheintal,SG,ja
42831,3254_1,Hard,757457,244956,,,Oberrheintal,SG,ja
42832,3254_2,Oberriet ,761193,243557,,,Oberrheintal,SG,ja
42833,3254_3,Montlingen,762533,244858,,,Oberrheintal,SG,
42834,3231_1,Heerbrugg (nur Brief),765159,253367,,,Unterrheintal,SG,
42838,3035_3,Mohren Gm. Reute,761090,252790,,,Vorderland,AR,ja
42838,3035_1,Reute ,761110,254294,,,Vorderland,AR,
42838,3035_2,Schachen Gm. Reute,759990,254930,,,Vorderland,AR,
42872,3256_1,Rüthi ,758818,240315,,,Oberrheintal,SG,ja
42888,3274_2,Frümsen,754097,234724,,,Werdenberg,SG,ja
42889,3274_1,Salez,756056,233598,,,Werdenberg,SG,ja
42890,3357_1,Schönenboden Gm. Wildhaus,744858,229815,,,Obertoggenburg,SG,ja
42944,3275_2,Rans,754975,222894,,,Werdenberg,SG,ja
42945,3292_1,Flums,744945,217935,,,Sargans,SG,ja
42970,3296_1,Sargans,752483,212429,,,Sargans,SG,ja / in Bearb.
42971,3293_1,Mels,750474,212541,,,Sargans,SG,ja
42974,3951_1,Fläsch,757761,210553,,,Unterlandquart,GR,ja
42975,3953_1,Maienfeld,758976,207987,,,Unterlandquart,GR,ja
42976,3952_1,Jenins,761123,207762,,,Unterlandquart,GR,ja / ja
44469,2911_1,Altdorf ,691428,293326,,,Reiat,SH,ja
44470,2918_1,Opfertshofen,691697,292646,,,Reiat,SH,ja
44471,2951_1,Beggingen,682339,291254,,,Schleitheim,SH,ja
44472,2936_1,Merishausen,687733,290755,,,SH,SH,ja
44473,2914_1,Büttenhardt,691051,290190,,,Reiat,SH,ja
44474,2916_1,Hofen,692802,293192,,,Reiat,SH,ja
44475,2913_1,Bibern,692812,292185,,,Reiat,SH,ja
44476,2917_1,Lohn ,692378,290274,,,Reiat,SH,ja
44477,2972_1,Oberhallau,678076,284235,,,Unterklettgau,SH,ja
44478,2901_1,Gächlingen,679522,284102,,,Oberklettgau,SH,ja
44479,2971_1,Unterhallau,676465,283386,,,Unterklettgau,SH,ja
44480,2904_1,Neunkirch,679296,282602,,,Oberklettgau,SH,ja
44481,2973_1,Trasadingen,674448,280173,,,Unterklettgau,SH,ja
44482,2934_1,Hemmental,685652,287697,,,SH,SH,ja
44483,2939_1,Herblingen,691850,286755,,,SH,SH,ja
44484,2953_1,Siblingen,681139,285408,,,Schleitheim,SH,ja
44485,2903_1,Löhningen,683662,284007,,,Oberklettgau,SH,ja
44486,2939_2,Schaffhausen,689635,283741,,,SH,SH,ja
44487,2939_3,Schaffhausen 2,689635,283741,,,SH,SH,ja
44488,2939_4,Schaffhausen 3,689635,283741,,,SH,SH,ja
44489,2939_5,Buchthalen,691521,283611,,,SH,SH,ja
44490,2902_1,Guntmadingen,683993,282312,,,Oberklettgau,SH,ja
44491,27_1,Feuerthalen,690706,283051,,,Andelfingen,ZH,ja
44492,29_1,Flurlingen,689453,282164,,,Andelfingen,ZH,ja
44493,34_1,Nohl,687800,280550,,,Andelfingen,ZH,ja
44494,2920_1,Thayngen,694762,289105,,,Reiat,SH,ja
44495,2920_2,Thayngen 2,694762,289105,,,Reiat,SH,ja
44496,2915_1,Dörflingen,696489,284607,,,Reiat,SH,ja
44497,2963_1,Ramsen,702901,285011,,,Stein,SH,ja
44498,4545_1,Diessenhofen,698683,282451,,,Diessenhofen,TG,ja
44499,4871_1,Rheinklingen,702788,281377,,,Steckborn,TG,ja
44500,4536_1,Basadingen,698112,280488,,,Diessenhofen,TG,ja
44501,4864_1,Steckborn,715810,280423,,,Steckborn,TG,ja
44502,4801_1,Berlingen,718909,281492,,,Steckborn,TG,ja
44503,4851_2,Salenstein,721669,281055,,,Steckborn,TG,ja
44504,4646_1,Ermatingen,723737,281188,,,Kreuzlingen,TG,ja
44505,4651_1,Gottlieben,727296,280677,,,Kreuzlingen,TG,ja
44506,2974_1,Wilchingen,676991,280176,,,Unterklettgau,SH,ja
44507,2905_1,Osterfingen,678800,279658,,,Oberklettgau,SH,ja
44508,61_1,Hüntwangen,679181,272171,,,Bülach,ZH,ja
44509,70_1,Wasterkingen,677844,271585,,,Bülach,ZH,ja
44511,22_1,Benken ,691257,278808,,,Andelfingen,ZH,ja
44511,38_1,Rheinau,687581,277731,,,Andelfingen,ZH,ja
44512,35_1,Marthalen,691065,275702,,,Andelfingen,ZH,ja
44513,35_2,Marthalen 2,691065,275702,,,Andelfingen,ZH,ja
44514,67_1,Rafz,682829,273998,,,Bülach,ZH,ja
44515,33_1,Alten,690943,272763,,,Andelfingen,ZH,ja
44516,4546_2,Unterschlatt,694957,279823,,,Diessenhofen,TG,ja
44517,4536_2,Schlattingen,699975,280286,,,Diessenhofen,TG,ja
44518,4546_1,Mettschlatt,694622,279092,,,Diessenhofen,TG,ja
44519,40_3,Wildensbuch,692955,278618,,,Andelfingen,ZH,ja
44520,40_1,Rudolfingen,692791,277357,,,Andelfingen,ZH,ja
44521,40_2,Trüllikon,694242,277135,,,Andelfingen,ZH,ja
44522,42_1,Unterstammheim,701579,277389,,,Andelfingen,ZH,ja
44523,41_1,Truttikon,696855,276163,,,Andelfingen,ZH,ja
44524,36_1,Oberstammheim,702400,276566,,,Andelfingen,ZH,ja
44525,4821_2,Nussbaumen,704412,275814,,,Steckborn,TG,ja
44526,33_2,Oerlingen,693056,275410,,,Andelfingen,ZH,ja
44527,33_3,Kleinandelfingen,693497,272606,,,Andelfingen,ZH,ja
44528,4601_2,OBEeunforn,699881,273726,,,Frauenfeld,TG,ja
44529,4601_1,Niederneunforn,701157,272557,,,Frauenfeld,TG,ja
44530,4601_3,Wilen bei Neunform,699882,273726,,,Frauenfeld,TG,ja
44531,21_1,Adlikon,694313,271017,,,Andelfingen,ZH,ja
44532,39_2,Gütighausen,697432,271538,,,Andelfingen,ZH,ja
44533,2964_1,Stein am Rhein,706734,279706,,,Stein,SH,ja
44534,4871_2,Kaltenbach,705484,278994,,,Steckborn,TG,ja
44535,4806_1,Eschenz,708027,278185,,,Steckborn,TG,ja
44536,4826_1,Mammern,710853,278102,,,Steckborn,TG,ja
44537,4816_1,Gundelhart-Hörhausen,715254,276973,,,Steckborn,TG,ja
44538,4811_2,Lanzenneunforn,712774,275739,,,Steckborn,TG,ja
44539,4816_3,Hörstetten,715824,275294,,,Steckborn,TG,ja
44540,4841_2,Dettighofen bei Lanzenneunforn,713557,275094,,,Steckborn,TG,ja
44541,4616_1,Buch bei Frauenfeld,705241,273005,,,Frauenfeld,TG,ja
44542,4821_1,Hüttwilen,707658,273924,,,Steckborn,TG,ja
44543,4811_1,Herdern,710618,273714,,,Steckborn,TG,ja
44544,4841_1,Pfyn,713752,272698,,,Steckborn,TG,ja
44545,4621_1,Weiningen ,708876,271878,,,Frauenfeld,TG,ja
44546,4621_2,Warth,707897,271312,,,Frauenfeld,TG,ja
44547,4851_1,Fruthwilen,722360,280291,,,Steckborn,TG,ja
44548,4646_2,Triboltingen,725588,280231,,,Kreuzlingen,TG,ja
44549,4696_1,Tägerwilen,727377,279631,,,Kreuzlingen,TG,
44550,4816_4,Salen-Reutenen,718818,278837,,,Steckborn,TG,
44551,4816_2,Homburg,717923,277143,,,Steckborn,TG,ja
44552,4846_1,Raperswilen,720549,276981,,,Steckborn,TG,
44553,4701_2,Wäldi,724433,277277,,,Kreuzlingen,TG,
44554,4951_2,Illhart,720254,275583,,,Weinfelden,TG,
44555,4701_1,Engwilen,724569,275365,,,Kreuzlingen,TG,
44556,4666_4,Neuwilen,727496,275956,,,Kreuzlingen,TG,
44557,4701_3,Hefenhausen,722187,275179,,,Kreuzlingen,TG,
44558,4666_3,Lippoldswilen,725776,274699,,,Kreuzlingen,TG,ja
44559,4666_1,Alterswilen,729004,274603,,,Kreuzlingen,TG,
44560,4831_1,Müllheim,717563,273532,,,Steckborn,TG,
44561,4951_3,Wigoltingen,719781,273102,,,Weinfelden,TG,
44562,4951_1,Engwang,721502,273412,,,Weinfelden,TG,
44563,4666_6,Hugelshofen,726085,273345,,,Kreuzlingen,TG,
44564,4666_5,Engelswilen,728675,272918,,,Kreuzlingen,TG,
44565,4941_1,Märstetten,722403,272558,,,Weinfelden,TG,
44566,4941_2,Ottoberg,723846,272221,,,Weinfelden,TG,
44567,4671_1,Kreuzlingen,730375,279336,,,Kreuzlingen,TG,
44568,4643_1,Bottighofen,732812,278058,,,Kreuzlingen,TG,ja
44569,4691_2,Scherzingen,734422,277065,,,Kreuzlingen,TG,
44570,4683_2,Oberhofen bei Kreuzlingen,731894,275683,,,Kreuzlingen,TG,
44571,4666_2,Altishausen,730247,273721,,,Kreuzlingen,TG,
44572,4683_1,Illighausen,733050,274097,,,Kreuzlingen,TG,
44573,4681_3,Zuben,735189,274672,,,Kreuzlingen,TG,
44574,4641_1,Altnau,736748,274915,,,Kreuzlingen,TG,
44575,4656_1,Güttingen,738895,274055,,,Kreuzlingen,TG,
44576,4681_2,Herrenhof,735847,273391,,,Kreuzlingen,TG,
44577,4426_1,Kesswil,741292,273333,,,Arbon,TG,ja
44578,4901_2,Birwinken,732280,271647,,,Weinfelden,TG,ja
44579,4691_1,Landschlacht,735712,276622,,,Kreuzlingen,TG,
44580,4451_1,Uttwil,742994,272323,,,Arbon,TG,
44581,4317_1,Rümikon,670600,268750,,,Zurzach,AG,
44582,102_1,Weiach,675049,267908,,,Dielsdorf,ZH,ja
44583,4319_1,Siglistorf,670860,266466,,,Zurzach,AG,ja
44584,100_2,Raat bei Windlach,676733,266672,,,Dielsdorf,ZH,
44585,100_3,Windlach,678040,266126,,,Dielsdorf,ZH,
44586,100_1,Stadel,677477,264644,,,Dielsdorf,ZH,ja
44587,4318_1,Schneisingen,669194,263935,,,Zurzach,AG,
44588,81_1,Bachs,675312,264158,,,Dielsdorf,ZH,
44589,88_1,Neerach,678024,263046,,,Dielsdorf,ZH,
44590,4043_1,Unterehrendingen,668575,261566,,,Baden,AG,
44591,93_1,Oberweningen,672835,261589,,,Dielsdorf,ZH,ja
44592,2938_1,Rüdlingen,685266,270481,,,SH,SH,
44593,2938_2,Rüdlingen 2,685266,270481,,,SH,SH,ja
44594,28_1,Flaach,688038,270076,,,Andelfingen,ZH,ja
44595,4561_1,Felben,713158,270983,,,Frauenfeld,TG,
44596,4590_2,Mettendorf,715210,270770,,,Frauenfeld,TG,
44597,4561_2,Wellhausen,713425,270253,,,Frauenfeld,TG,
44598,4571_3,Strass,706814,268980,,,Frauenfeld,TG,
44599,4566_1,Frauenfeld,709725,268500,,,Frauenfeld,TG,ja
44600,4571_2,Islikon,705989,267298,,,Frauenfeld,TG,
44601,4611_2,Thundorf,714786,267224,,,Frauenfeld,TG,ja
44602,4611_1,Lustdorf,716543,267743,,,Frauenfeld,TG,
44603,4571_1,Gachnang,706532,266314,,,Frauenfeld,TG,
44604,4566_2,Gerlikon,708289,266129,,,Frauenfeld,TG,
44605,220_1,Hagenbuch,709236,264406,,,Winterthur,ZH,
44606,4591_1,Matzingen,712547,264372,,,Frauenfeld,TG,
44607,4606_1,Stettfurt,714186,264820,,,Frauenfeld,TG,
44608,4741_1,Lommis,717352,264107,,,Münchwilen,TG,
44609,212_3,Zünikon,705139,263823,,,Winterthur,ZH,
44610,4551_4,Wittenwil,711750,262461,,,Frauenfeld,TG,in Bearb.
44611,4781_1,Eggetsbühl,715927,262506,,,Münchwilen,TG,
44612,4590_1,Eschikofen,717971,271148,,,Frauenfeld,TG,
44613,4881_2,Fimmelsberg,719708,269297,,,Weinfelden,TG,
44614,4881_1,Amlikon,721869,270070,,,Weinfelden,TG,
44615,4946_1,Weerswilen,727537,270737,,,Weinfelden,TG,
44616,4946_2,Weinfelden,725416,269786,,,Weinfelden,TG,ja
44617,4891_2,Mauren,729182,269788,,,Weinfelden,TG,
44618,4921_1,Bussnang,723872,268581,,,Weinfelden,TG,
44619,4881_4,Wolfikon-Strohwilen,718658,268009,,,Weinfelden,TG,
44620,4881_3,Holzhäusern,721228,268151,,,Weinfelden,TG,
44621,4921_4,Schmidshof,721712,267324,,,Weinfelden,TG,
44622,4711_3,Zezikon,719254,266135,,,Münchwilen,TG,
44623,4711_2,Märwil,722775,265970,,,Münchwilen,TG,
44624,4921_2,Friltschen,723960,266623,,,Weinfelden,TG,
44625,4911_1,Bürglen ,728770,267940,,,Weinfelden,TG,
44626,4911_2,Istighofen,728742,266983,,,Weinfelden,TG,
44627,4711_1,Affeltrangen,719893,265268,,,Münchwilen,TG,
44628,4921_5,Mettlen,726935,265777,,,Weinfelden,TG,
44629,4501_1,Buhwil,730103,265479,,,Bischofszell,TG,
44630,4776_1,Tobel,720032,263973,,,Münchwilen,TG,ja
44631,4921_3,Lanterswil,724815,264644,,,Weinfelden,TG,
44632,4756_1,Schönholzerswilen,728303,264292,,,Münchwilen,TG,
44633,26_1,Dorf,691045,269804,,,Andelfingen,ZH,
44634,23_1,Berg am Irchel,687236,269434,,,Andelfingen,ZH,
44635,58_1,Glattfelden,679829,268218,,,Bülach,ZH,
44636,55_1,Tössriederen,683187,268841,,,Bülach,ZH,ja
44637,57_2,Teufen,684858,267148,,,Bülach,ZH,
44638,24_1,Buch am Irchel ,688817,267391,,,Andelfingen,ZH,
44639,57_1,Freienstein,686221,264948,,,Bülach,ZH,
44640,68_1,Rorbas,685794,264959,,,Bülach,ZH,ja
44641,59_1,Hochfelden,681207,264158,,,Bülach,ZH,
44644,60_1,Höri,680667,262437,,,Bülach,ZH,
44645,224_1,Pfungen,691032,263506,,,Winterthur,ZH,
44646,32_1,Humlikon,692613,270158,,,Andelfingen,ZH,
44647,214_1,Oberwil/Niederwil,696097,269946,,,Winterthur,ZH,
44648,39_1,Thalheim an der Thur,698934,270689,,,Andelfingen,ZH,
44649,4616_2,Uesslingen,704767,270894,,,Frauenfeld,TG,
44650,211_1,Altikon,700998,270051,,,Winterthur,ZH,
44651,23_2,Berg am Irchel 2,687221,269462,,,Andelfingen,ZH,
44652,223_2,Hünikon,692697,267506,,,Winterthur,ZH,
44653,221_1,Hettlingen,695618,267028,,,Winterthur,ZH,
44654,216_1,Dinhard,700008,268015,,,Winterthur,ZH,
44655,225_1,Rickenbach ,702032,267605,,,Winterthur,ZH,
44656,218_1,Ellikon an der Thur,704298,268963,,,Winterthur,ZH,ja
44657,223_1,Aesch,693559,266373,,,Winterthur,ZH,
44658,230_2,Ohringen Gm. Winterthur,695724,264989,,,Winterthur,ZH,
44659,227_1,Seuzach,697897,265808,,,Winterthur,ZH,
44660,212_2,Gundetswil,704299,266429,,,Winterthur,ZH,
44661,212_1,Bertschikon,703620,264916,,,Winterthur,ZH,
44662,219_1,Elsau,702697,262472,,,Winterthur,ZH,
44663,4723_1,Braunau,723026,262592,,,Münchwilen,TG,
44664,4901_4,Mattwil,732996,271167,,,Weinfelden,TG,
44665,4901_3,Happerswil-Buch,734228,271191,,,Weinfelden,TG,
44666,4406_1,Dozwil,741543,271173,,,Arbon,TG,
44667,4891_1,Berg ,730020,271316,,,Weinfelden,TG,
44668,4901_1,Andwil,733732,269982,,,Weinfelden,TG,
44669,4476_3,Kümmertshausen,735579,269764,,,Bischofszell,TG,
44670,4446_1,Sommeri,739078,270307,,,Arbon,TG,
44671,4911_3,Leimbach,731583,269123,,,Weinfelden,TG,
44672,4506_3,Donzhausen,732284,268528,,,Bischofszell,TG,
44673,4476_1,Engishofen,736439,268969,,,Bischofszell,TG,
44674,4461_4,Oberaach,737542,269180,,,Bischofszell,TG,
44675,4506_2,Sulgen,731383,266810,,,Bischofszell,TG,ja
44676,4476_2,Erlen,734550,268271,,,Bischofszell,TG,
44677,4461_3,Mühlebach,738241,267585,,,Bischofszell,TG,
44678,4461_1,Amriswil,740264,268298,,,Bischofszell,TG,ja
44679,4506_1,Götighofen,733830,266396,,,Bischofszell,TG,
44680,4461_2,Hagenwil b. Amriswil,740654,265891,,,Bischofszell,TG,
44681,4461_5,Räuchlisberg,739444,266705,,,Bischofszell,TG,
44682,4501_2,Schönenberg,732560,264877,,,Bischofszell,TG,
44683,4511_2,Zihlschlacht,737023,264955,,,Bischofszell,TG,
44684,3202_1,Muolen,742068,265118,,,SG,SG,
44685,4501_3,Neukirch a/Th.,730625,263670,,,Bischofszell,TG,ja / ja
44686,4495_1,Hohentannen,734465,263657,,,Bischofszell,TG,
44687,4511_1,Sitterdorf,736330,263231,,,Bischofszell,TG,ja
44688,4511_3,Blidegg,740009,263375,,,Bischofszell,TG,
44689,4471_2,Halden,733398,262994,,,Bischofszell,TG,
44690,2701_1,Basel,611390,266347,,,,BS,ja
44691,2701_2,Basel 2,611390,266347,,,,BS,
44692,2701_3,Basel 3,611390,266347,,,,BS,
44693,2701_4,Basel 4,611390,266347,,,,BS,
44694,2701_5,Basel 5,611390,266347,,,,BS,
44695,2701_6,Basel 6,611390,266347,,,,BS,
44696,2701_7,Basel 7,611390,266347,,,,BS,
44697,2701_8,Basel 8,611390,266347,,,,BS,
44698,2701_9,Basel 9,611390,266347,,,,BS,
44699,2701_10,Basel 10,611390,266347,,,,BS,
44700,2762_1,Allschwil,607297,266644,,,Arlesheim,BL,
44701,2767_1,Bottmingen,610018,263740,,,Arlesheim,BL,
44702,2771_1,Oberwil ,609086,262688,,,Arlesheim,BL,
44703,2769_1,Münchenstein,613543,262738,,,Arlesheim,BL,ja
44704,2703_1,Riehen,615838,270458,,,,BS,ja
44705,2766_1,Birsfelden,614057,267200,,,Arlesheim,BL,
44706,4258_1,Rheinfelden,626355,266628,,,Rheinfelden,AG,
44707,4252_1,Kaiseraugst,621557,265463,,,Rheinfelden,AG,
44708,2826_1,Giebenach,623075,263644,,,Liestal,BL,
44709,4257_1,Olsberg,625948,263386,,,Rheinfelden,AG,
44710,4253_1,Magden,628037,264530,,,Rheinfelden,AG,ja
44711,2831_1,Pratteln,619074,263579,,,Liestal,BL,ja
44712,2825_1,Füllinsdorf,621852,261897,,,Liestal,BL,
44713,2824_1,Frenkendorf,620782,261364,,,Liestal,BL,
44714,4254_1,Möhlin,629732,267990,,,Rheinfelden,AG,ja
44717,4177_1,Sisseln,641532,267203,,,Laufenburg,AG,
44718,4263_1,Zeiningen,632463,265721,,,Rheinfelden,AG,
44719,4260_1,Stein,638420,266040,,,Rheinfelden,AG,ja
44720,4172_1,Münchwilen,639420,265280,,,Laufenburg,AG,
44721,4161_1,Eiken,641446,264720,,,Laufenburg,AG,
44722,4264_1,Zuzgen,634902,263777,,,Rheinfelden,AG,
44723,4256_1,Obermumpf,637182,264676,,,Rheinfelden,AG,ja
44724,2844_1,Buus,632084,261719,,,Sissach,BL,ja
44725,4251_1,Hellikon,636230,262155,,,Rheinfelden,AG,
44726,4259_1,Schupfart,639770,262637,,,Rheinfelden,AG,ja
44727,4165_1,Gipf-Oberfrick,642539,260967,,,Laufenburg,AG,
44728,4255_1,Mumpf,636442,266225,,,Rheinfelden,AG,
44729,4176_1,Schwaderloch,653096,270791,,,Laufenburg,AG,
44730,4171_1,Mettau,651747,268394,,,Laufenburg,AG,
44731,4171_2,Mettau 2,651747,268394,,,Laufenburg,AG,
44732,4180_1,Wil ,653700,268000,,,Laufenburg,AG,ja
44733,4101_1,Hottwil,654401,266581,,,Brugg,AG,
44734,4164_1,Gansingen,652477,266133,,,Laufenburg,AG,ja
44735,4169_1,Kaisten,645730,265657,,,Laufenburg,AG,
44736,4178_1,Sulz b. Laufenburg,649500,265000,,,Laufenburg,AG,
44737,4175_1,Oeschgen,643577,263291,,,Laufenburg,AG,
44738,4175_2,Oeschgen 2,643577,263291,,,Laufenburg,AG,
44739,4168_1,Ittenthal,646689,263161,,,Laufenburg,AG,
44740,4106_1,Mönthal,653077,263244,,,Brugg,AG,
44741,4163_1,Frick,643257,262001,,,Laufenburg,AG,ja
44742,4167_1,Hornussen,647047,261078,,,Laufenburg,AG,
44743,4170_1,Laufenburg,646879,268092,,,Laufenburg,AG,ja
44744,4097_1,Elfingen,649756,262021,,,Brugg,AG,ja
44745,4307_1,Full,657798,274174,,,Zurzach,AG,
44746,4310_1,Koblenz,660272,273495,,,Zurzach,AG,
44747,4316_1,Rietheim,663150,272518,,,Zurzach,AG,
44748,4311_1,Leibstadt,655422,271234,,,Zurzach,AG,ja
44749,4323_1,Zurzach,664502,271150,,,Zurzach,AG,ja
44750,4309_1,Klingnau,661077,270298,,,Zurzach,AG,
44751,4303_1,Kleindöttingen,660777,269209,,,Zurzach,AG,
44752,4304_1,Döttingen,661530,269239,,,Zurzach,AG,
44753,4304_2,Döttingen 2,661530,269239,,,Zurzach,AG,
44754,4315_1,Rekingen ,666465,269155,,,Zurzach,AG,
44755,4105_1,Mandach,656246,266484,,,Brugg,AG,
44756,4302_1,Böbikon,667364,267400,,,Zurzach,AG,
44757,4312_1,Vogelsang,666518,265901,,,Zurzach,AG,
44758,4305_1,Endingen (Ober-),664100,265600,,,Zurzach,AG,
44759,4047_1,Würenlingen,661700,264792,,,Baden,AG,ja
44760,4047_2,Würenlingen 2,661700,264792,,,Baden,AG,ja
44761,4121_1,Villigen,658445,264241,,,Brugg,AG,ja
44762,4110_1,Remigen,656544,263046,,,Brugg,AG,
44763,4116_1,Stilli,659743,262957,,,Brugg,AG,
44764,4312_2,Lengnau,667100,263680,,,Zurzach,AG,
44765,4112_1,Rüfenach,657738,262307,,,Brugg,AG,
44766,4095_1,Lauffohr,659687,261163,,,Brugg,AG,
44767,4044_1,Untersiggenthal,661419,261566,,,Baden,AG,
44768,4028_1,Freienwil,667014,261802,,,Baden,AG,
44769,4313_1,Leuggern,658442,270321,,,Zurzach,AG,
44770,437_1,Mont-Tramelan,571681,228310,,,Courtelary,BE,ja
44771,392_1,Pieterlen,592384,224903,,,Büren,BE,ja / ja
44772,443_1,Mont-Soleil,565401,223743,,,Courtelary,BE,ja
44773,445_1,La Chaux d'Abel Gm. Sonvilier,560925,223305,,,Courtelary,BE,ja
44774,753_1,Twann,578588,216028,,,Nidau,BE,ja
44775,740_1,Ligerz,576973,214816,,,Nidau,BE,ja
44776,746_1,Safnern,591254,222104,,,Nidau,BE,ja
44777,744_1,Orpund,590001,220899,,,Nidau,BE,ja
44778,389_1,Meienried,592514,220779,,,Büren,BE,ja
44779,747_1,Scheuren,590599,220399,,,Nidau,BE,ja
44780,371_1,Biel ,585441,220662,,,Biel,BE,ja
44781,748_1,Schwadernau,589950,219852,,,Nidau,BE,ja
44782,743_1,Nidau,584960,219599,,,Nidau,BE,ja
44783,733_1,Brügg,587850,219213,,,Nidau,BE,ja
44784,731_1,Aegerten,588613,218955,,,Nidau,BE,ja
44785,752_1,Tüscherz,581378,218005,,,Nidau,BE,ja
44786,739_1,Ipsach,584514,218316,,,Nidau,BE,ja
44787,745_1,Port,586075,218411,,,Nidau,BE,ja
44788,749_1,Studen,589644,217864,,,Nidau,BE,ja
44789,750_1,Sutz,583395,216811,,,Nidau,BE,ja
44790,732_1,Bellmund,585409,217587,,,Nidau,BE,ja
44791,738_1,Jens,586729,216325,,,Nidau,BE,ja
44792,755_1,Worben,588692,216266,,,Nidau,BE,ja
44793,384_1,Busswil,591395,216570,,,Büren,BE,ja
44794,742_1,Mörigen,582621,214653,,,Nidau,BE,ja
44795,737_1,Hermrigen,585224,214503,,,Nidau,BE,ja
44796,741_1,Merzligen,585793,215147,,,Nidau,BE,ja
44797,306_2,Hardern Gm. Lyss,591523,215027,,,Aarberg,BE,ja
44798,492_1,Erlach,574025,210324,,,Erlach,BE,ja
44799,497_1,Lüscherz,578156,210684,,,Erlach,BE,ja
44800,502_1,Vinelz,575116,209243,,,Erlach,BE,ja
44801,494_1,Gals,570434,208598,,,Erlach,BE,ja / in Bearb.
44802,501_1,Tschugg,572499,208524,,,Erlach,BE,ja
44803,491_1,Brüttelen,577892,207918,,,Erlach,BE,ja
44804,495_1,Gampelen,571055,207135,,,Erlach,BE,ja
44805,496_1,Ins,574718,206121,,,Erlach,BE,ja
44806,500_1,Treiten,578776,206598,,,Erlach,BE,ja
44807,305_1,Werdthof,587874,214700,,,Aarberg,BE,ja
44808,751_1,Gerolfingen,581726,213884,,,Nidau,BE,ja
44809,735_1,Epsach,583350,213188,,,Nidau,BE,ja
44810,734_1,Bühl,585254,213307,,,Nidau,BE,ja
44811,306_1,Lyss,589967,213671,,,Aarberg,BE,ja
44812,751_2,Täuffelen,581739,212869,,,Nidau,BE,ja
44813,754_1,Walperswil,583916,212119,,,Nidau,BE,ja
44814,305_2,Kappelen,586905,212015,,,Aarberg,BE,ja
44815,301_1,Aarberg,587631,210386,,,Aarberg,BE,ja
44816,312_1,Wiler Gm. Seedorf,590992,210842,,,Aarberg,BE,ja
44817,499_1,Siselen,581090,209039,,,Erlach,BE,ja
44818,302_2,Bargen,586630,209720,,,Aarberg,BE,ja
44819,312_2,Seedorf,590442,209358,,,Aarberg,BE,ja
44820,312_3,Lobsigen Gm. Seedorf,588972,208433,,,Aarberg,BE,ja
44821,312_4,Baggwil Gm. Seedorf,590801,208567,,,Aarberg,BE,ja
44822,493_1,Finsterhennen,580233,208407,,,Erlach,BE,ja
44823,304_1,Kallnach,584542,207495,,,Aarberg,BE,ja
44824,309_3,Radelfingen,587371,207855,,,Aarberg,BE,ja
44825,312_5,Ruchwil  Gm. Seedorf,589886,207192,,,Aarberg,BE,ja
44826,308_1,Niederried,585637,206520,,,Aarberg,BE,ja
44827,309_4,Jucher Gm. Radelfingen,586608,205877,,,Aarberg,BE,ja
44828,2258_1,Fräschels,582485,205230,,,See,FR,
44829,309_1,Detligen,587376,205646,,,Aarberg,BE,ja
44830,2477_1,Metzerlen,602055,257207,,,Dorneck,SO,ja
44831,2619_2,Kleinlützel,598509,252836,,,Thierstein,SO,ja
44832,2619_1,Huggerwald,599601,251902,,,Thierstein,SO,in Bearb.
44835,2476_1,Hofstetten-Flüh,605797,258321,,,Dorneck,SO,ja
44836,2773_1,Reinach ,611439,260225,,,Arlesheim,BL,
44837,2473_1,Dornach,613419,258662,,,Dorneck,SO,
44838,2474_1,Gempen,616562,258262,,,Dorneck,SO,
44839,2761_1,Aesch,611910,257351,,,Arlesheim,BL,ja
44840,2475_1,Hochwald,615260,256156,,,Dorneck,SO,ja
44841,2472_1,Büren ,617338,255442,,,Dorneck,SO,
44842,2480_1,Seewen,616615,253789,,,Dorneck,SO,ja
44843,2618_1,Himmelried,612020,252389,,,Thierstein,SO,
44844,2829_1,Liestal,622322,259363,,,Liestal,BL,ja
44845,2866_1,Wintersingen,629086,260369,,,Sissach,BL,
44846,2478_1,Nuglar,619159,257874,,,Dorneck,SO,
44847,2861_1,Sissach,627961,257271,,,Sissach,BL,
44848,2864_1,Thürnen,629485,256150,,,Sissach,BL,ja
44849,2823_1,Bubendorf,622328,255372,,,Liestal,BL,ja
44850,2845_1,Diepflingen,630092,255093,,,Sissach,BL,
44851,2834_1,Ziefen,620139,253440,,,Liestal,BL,ja / ja
44852,4262_1,Wegenstetten,637427,260996,,,Rheinfelden,AG,ja
44853,2848_1,Hemmiken,634239,259808,,,Sissach,BL,
44854,2856_1,Ormalingen,632823,257712,,,Sissach,BL,ja
44855,4181_1,Wittnau,640418,259030,,,Laufenburg,AG,ja
44856,2858_1,Rothenfluh,635872,256896,,,Sissach,BL,
44857,2862_1,Tecknau,633861,255093,,,Sissach,BL,ja
44858,2841_1,Anwil,637808,255725,,,Sissach,BL,in Bearb.
44859,4182_1,Wölflinswil,642008,256925,,,Laufenburg,AG,
44860,2865_1,Wenslingen,635572,254337,,,Sissach,BL,
44861,2860_1,Rünenberg,633610,253555,,,Sissach,BL,
44862,2855_1,Oltingen,637485,253560,,,Sissach,BL,ja
44865,2867_1,Wittinsburg,630438,252853,,,Sissach,BL,ja
44866,4094_1,Bözen,648734,260719,,,Brugg,AG,
44867,4096_1,Effingen,650162,259973,,,Brugg,AG,
44868,4108_1,Oberbözberg,654192,261024,,,Brugg,AG,
44869,4119_2,Ursprung-Unterbözberg,654149,259435,,,Brugg,AG,
44870,4119_1,Ursprung,654149,259435,,,Brugg,AG,
44871,4166_1,Herznach,646044,258144,,,Laufenburg,AG,ja
44872,4183_1,Zeihen,648689,258525,,,Laufenburg,AG,
44873,4103_1,Linn,651925,257900,,,Brugg,AG,
44874,4122_1,Villnachern,654153,258404,,,Brugg,AG,
44875,4004_1,Densbüren,646470,255941,,,Aarau,AG,ja
44876,4173_1,Oberhof,642780,255585,,,Laufenburg,AG,ja
44877,4115_1,Schinznach,653099,255283,,,Brugg,AG,
44878,4117_1,Thalheim,649841,254080,,,Brugg,AG,ja
44879,4109_1,Oberflachs,652036,254696,,,Brugg,AG,
44880,4120_1,Veltheim,653464,254409,,,Brugg,AG,
44881,4120_2,Veltheim 2,653464,254409,,,Brugg,AG,
44882,4008_1,Küttigen,645979,251486,,,Aarau,AG,ja
44883,4091_1,Auenstein,652859,251960,,,Brugg,AG,
44884,4111_1,Riniken,656549,260622,,,Brugg,AG,
44885,4029_2,Vogelsang Gm. Gebenstorf,660294,260788,,,Baden,AG,
44886,4042_1,Turgi,661411,260436,,,Baden,AG,
44887,4038_1,Nussbaumen,663966,260057,,,Baden,AG,
44888,4118_1,Umiken,656678,259395,,,Brugg,AG,in Bearb.
44889,4095_2,Brugg,658049,259185,,,Brugg,AG,ja
44890,4123_1,Windisch,658611,258780,,,Brugg,AG,
44891,4029_1,Gebenstorf,660498,259450,,,Baden,AG,
44892,4026_1,Ennetbaden,665871,258858,,,Baden,AG,
44893,4021_1,Baden,665521,258764,,,Baden,AG,
44894,4099_1,Habsburg,656170,257120,,,Brugg,AG,
44895,4100_1,Hausen,658269,257103,,,Brugg,AG,
44896,4024_1,Birmenstorf,660847,257012,,,Baden,AG,ja
44897,4107_1,Mülligen,660390,256641,,,Brugg,AG,
44898,4021_2,Dättwil,663837,256098,,,Baden,AG,
44899,4021_4,Münzleshausen Gm. Dättwil,663493,258657,,,Baden,AG,
44900,4021_3,Dättwil 2,663837,256098,,,Baden,AG,
44901,4045_1,Wettingen,666954,257605,,,Baden,AG,
44902,4114_1,Schinznach Bad (=Birrenlauf),655041,255690,,,Brugg,AG,
44903,4113_1,Scherz,656282,255352,,,Brugg,AG,
44904,4113_2,Scherz 2,656282,255352,,,Brugg,AG,
44905,4104_1,Lupfig,657756,254737,,,Brugg,AG,ja
44906,4021_5,Rütihof Gm. Dättwil,662719,254532,,,Baden,AG,
44907,4027_1,Fislisbach,664337,254335,,,Baden,AG,
44908,4034_1,Neuenhof,667321,255423,,,Baden,AG,
44909,4199_1,Holderbank,654944,253516,,,Lenzburg,AG,
44910,4092_1,Birr,657665,254165,,,Brugg,AG,
44911,4093_1,Birrhard,660890,253889,,,Brugg,AG,
44912,4033_1,Mellingen,663011,252319,,,Baden,AG,ja
44913,4035_1,Niederrohrdorf,665352,252955,,,Baden,AG,ja
44914,4037_1,Staretschwil,666146,253267,,,Baden,AG,
44915,4037_2,Oberrohrdorf,666264,252411,,,Baden,AG,
44916,2611_1,Bärschwil,602539,247953,,,Thierstein,SO,
44917,2617_1,Grindel,604772,247874,,,Thierstein,SO,
44918,2613_1,Breitenbach,607870,250429,,,Thierstein,SO,ja
44919,2614_1,Büsserach,607715,249130,,,Thierstein,SO,
44920,2615_1,Erschwil,607760,247020,,,Thierstein,SO,ja
44921,2612_1,Beinwil ,611172,245743,,,Thierstein,SO,
44922,2622_1,Zullwil,612256,248799,,,Thierstein,SO,
44923,2621_1,Nunningen,613664,249191,,,Thierstein,SO,ja
44924,2883_1,Bretzwil,616063,249528,,,Waldenburg,BL,
44925,2426_1,Brunnersberg (Gross-),614171,242536,,,Thal,SO,
44926,2428_2,Ramiswil,616666,243870,,,Thal,SO,ja
44927,2893_1,Reigoldswil,619102,249618,,,Waldenburg,BL,
44928,2892_1,Oberdorf ,623422,249462,,,Waldenburg,BL,ja
44929,2882_1,Bennwil,625810,250383,,,Waldenburg,BL,ja
44930,2895_1,Waldenburg,623293,247908,,,Waldenburg,BL,
44931,2885_1,Eptingen,628830,248363,,,Waldenburg,BL,ja
44932,2428_1,Mümliswil,620059,243767,,,Thal,SO,ja
44933,2888_1,Langenbruck,624844,244353,,,Waldenburg,BL,ja
44934,2888_2,Langenbruck 1,624844,244353,,,Waldenburg,BL,
44935,2425_1,Holderbank,623747,242466,,,Thal,SO,
44936,2842_1,Böckten,629974,256941,,,Sissach,BL,
44937,2498_1,Rohr ,638954,251118,,,Gösgen,SO,
44938,2499_1,Stüsslingen,640172,249340,,,Gösgen,SO,ja
44939,2500_1,Trimbach,634422,245947,,,Gösgen,SO,
44940,2501_1,Winznau,637415,246091,,,Gösgen,SO,
44941,2581_1,Olten,635358,244674,,,Olten,SO,ja
44942,2584_1,Starrkirch,636882,244387,,,Olten,SO,
44943,2495_1,Niedergösgen,641907,247004,,,Gösgen,SO,
44944,2572_1,Däniken,640779,245177,,,Olten,SO,ja
44945,2582_1,Rickenbach,631530,243342,,,Olten,SO,ja
44946,2579_1,Hägendorf,630585,242230,,,Olten,SO,
44947,2573_1,Dulliken,638392,244892,,,Olten,SO,
44948,4002_1,Biberstein,648300,251652,,,Aarau,AG,
44949,4005_2,Erlinsbach,643254,250564,,,Aarau,AG,
44950,4005_1,Erlinsbach (Ober-),642947,250698,,,Aarau,AG,
44951,2494_1,Niedererlinsbach,643008,249871,,,Gösgen,SO,
44952,4011_1,Rohr,648975,250622,,,Aarau,AG,
44953,4206_1,Rupperswil,651981,250465,,,Lenzburg,AG,
44954,4001_1,Aarau,646252,249140,,,Aarau,AG,ja
44955,4003_1,Buchs,648417,249146,,,Aarau,AG,
44956,4200_1,Hunzenschwil,651909,248830,,,Lenzburg,AG,
44957,4207_1,Schafisheim,653176,247627,,,Lenzburg,AG,
44958,4207_2,Schafisheim 2,653176,247627,,,Lenzburg,AG,
44959,2574_1,Eppenberg,644199,247403,,,Olten,SO,
44960,2583_1,Schönenwerd,642373,246714,,,Olten,SO,
44961,4012_1,Suhr,648604,246970,,,Aarau,AG,
44962,4013_1,Unterentfelden,645544,246068,,,Aarau,AG,
44963,4010_1,Oberentfelden,645939,245151,,,Aarau,AG,
44964,4010_2,Oberentfelden 2,645939,245151,,,Aarau,AG,
44965,4006_1,Gränichen,649879,245836,,,Aarau,AG,ja
44966,4006_2,Gränichen 2,649879,245836,,,Aarau,AG,
44967,4209_1,Seon,654444,244172,,,Lenzburg,AG,
44968,4276_1,Kölliken,644271,242960,,,Zofingen,AG,
44969,4203_1,Möriken,656082,251886,,,Lenzburg,AG,
44970,4032_1,Mägenwil,660143,251829,,,Baden,AG,
44971,4046_1,Wohlenschwil,661925,251513,,,Baden,AG,
44972,4039_1,Remetschwil,667025,251214,,,Baden,AG,
44973,4204_1,Niederlenz,655558,250432,,,Lenzburg,AG,
44974,4205_1,Othmarsingen,658634,250323,,,Lenzburg,AG,
44975,4077_1,Tägerig,663354,250731,,,Bremgarten,AG,
44976,4041_1,Stetten,665578,250263,,,Baden,AG,
44977,4201_1,Lenzburg,655231,249193,,,Lenzburg,AG,ja
44978,4198_1,Hendschiken,658713,248759,,,Lenzburg,AG,
44979,4065_1,Dottikon,660742,248333,,,Bremgarten,AG,
44980,4068_1,Hägglingen,661468,248996,,,Bremgarten,AG,ja
44981,4031_1,Künten,667326,249134,,,Baden,AG,ja
44982,4210_1,Staufen,654900,248200,,,Lenzburg,AG,
44983,4191_1,Ammerswil,658072,246799,,,Lenzburg,AG,
44984,4072_1,Niederwil,664705,247740,,,Bremgarten,AG,
44985,4067_2,Fischbach-Göslikon,665812,246865,,,Bremgarten,AG,
44986,4067_1,Fischbach,666047,246654,,,Bremgarten,AG,
44987,4194_1,Dintikon,659637,246254,,,Lenzburg,AG,
44988,4195_1,Egliswil,656454,244555,,,Lenzburg,AG,ja
44989,4195_2,Egliswil 2,656454,244555,,,Lenzburg,AG,ja
44990,4080_1,Villmergen,661115,244202,,,Bremgarten,AG,
44991,4082_1,Wohlen,662804,244521,,,Bremgarten,AG,
44992,4070_1,Hilfikon,661047,242823,,,Bremgarten,AG,
44993,4240_1,Walterswil,665153,243008,,,MUR,AG,
44994,2423_1,Gänsbrunnen,602242,234688,,,Thal,SO,ja / ja
44995,2426_2,Laupersdorf,616024,240584,,,Thal,SO,
44996,2421_1,Aedermannsdorf,612964,239341,,,Thal,SO,ja
44997,2429_1,Welschenrohr,606589,236549,,,Thal,SO,ja
44998,996_1,Wolfisberg,616923,235900,,,Wangen,BE,ja
44999,975_1,Farnern,614002,235102,,,Wangen,BE,ja
45000,987_1,Rumisberg,615391,234823,,,Wangen,BE,
45001,983_1,Oberbipp,616618,234504,,,Wangen,BE,
45002,2552_1,Niederwil,610059,233418,,,LeBE,SO,
45003,971_1,Attiswil,613213,232997,,,Wangen,BE,ja
45004,2424_1,Herbetswil,611618,238324,,,Thal,SO,ja
45005,2422_1,Balsthal,619617,240658,,,Thal,SO,ja
45006,2401_1,Egerkingen,626861,241244,,,Gäu,SO,ja
45007,2406_1,Oberbuchsiten,624746,239879,,,Gäu,SO,
45008,2578_1,Gunzgen,629485,240682,,,Olten,SO,ja
45009,2407_1,Oensingen,621602,237738,,,Gäu,SO,ja / ja
45010,2405_1,Niederbuchsiten,625164,238523,,,Gäu,SO,
45011,2404_1,Neuendorf,626792,239041,,,Gäu,SO,
45012,2403_1,Kestenholz,623759,236864,,,Gäu,SO,
45013,2408_1,Wolfwil,626794,235351,,,Gäu,SO,ja
45014,2575_1,Fulenbach,630097,236376,,,Olten,SO,
45015,345_1,Wynau,627993,234553,,,Aarwangen,BE,ja
45016,4271_1,Aarburg,634866,241115,,,Zofingen,AG,ja
45017,4280_1,Oftringen,636393,240338,,,Zofingen,AG,
45018,2571_1,Boningen,631566,239926,,,Olten,SO,
45019,4282_1,Rothrist,633312,239603,,,Zofingen,AG,
45020,4282_2,Rothrist 2,633312,239603,,,Zofingen,AG,
45021,4283_1,Safenwil,641246,241349,,,Zofingen,AG,
45022,4278_1,Mühlethal,640900,239100,,,Zofingen,AG,in Bearb.
45023,4289_1,Zofingen,638219,237506,,,Zofingen,AG,
45024,4289_2,Zofingen 2,638219,237506,,,Zofingen,AG,ja
45025,4285_1,Strengelbach,637106,236575,,,Zofingen,AG,
45026,4287_1,Vordemwald,635036,236233,,,Zofingen,AG,
45027,4279_1,Murgenthal,629757,235005,,,Zofingen,AG,ja
45028,4274_1,Brittnau,638477,234440,,,Zofingen,AG,ja
45029,1140_2,Reidermoos,641776,233594,,,Willisau,LU,
45030,4009_1,Muhen,646609,242919,,,Aarau,AG,ja
45031,4145_1,Teufenthal,651104,242332,,,Kulm,AG,ja
45032,4136_1,Holziken,645133,241432,,,Kulm,AG,
45033,4007_1,Hirschthal,646742,241175,,,Aarau,AG,
45034,4146_2,Wannenhof Gm. Unterkulm,649223,241624,,,Kulm,AG,
45035,4134_1,Dürrenäsch,654298,241428,,,Kulm,AG,
45036,4146_1,Unterkulm,651155,240127,,,Kulm,AG,
45037,4286_1,Uerkheim,644367,239653,,,Zofingen,AG,
45038,4140_1,Oberkulm,651497,238873,,,Kulm,AG,
45039,4142_1,Schlossrued,649209,237963,,,Kulm,AG,
45040,4273_1,Bottenwil,642841,237239,,,Zofingen,AG,
45041,4284_1,Staffelbach,645674,237155,,,Zofingen,AG,
45042,4275_1,Kirchleerau,647237,236355,,,Zofingen,AG,ja
45045,4147_1,Zetzwil,653784,237502,,,Kulm,AG,
45046,4135_1,Gontenschwil,653425,236827,,,Kulm,AG,
45047,4135_2,Gontenschwil 2,653425,236827,,,Kulm,AG,
45048,4288_1,Wiliberg,644105,235470,,,Zofingen,AG,
45049,4277_1,Moosleerau,647383,235611,,,Zofingen,AG,
45050,4143_2,Schmiedrued,650443,235676,,,Kulm,AG,ja
45051,1147_1,Hintermoos Gm. Wikon,642760,235700,,,Willisau,LU,ja
45052,4272_1,Attelwil,645716,234513,,,Zofingen,AG,
45053,1090_1,Kulmerau,649170,233792,,,Sursee,LU,ja
45054,4143_3,Walde,650866,234698,,,Kulm,AG,ja
45055,4143_1,Schiltwald,651494,233515,,,Kulm,AG,ja
45056,4197_1,Hallwil (Nieder-),655860,242050,,,Lenzburg,AG,
45057,4208_1,Seengen,657958,242055,,,Lenzburg,AG,ja
45058,4064_1,Büttikon,662786,242029,,,Bremgarten,AG,
45059,4229_2,Waldhäusern Gm Bünzen,666252,242156,,,MUR,AG,
45060,4192_1,Boniswil,656454,240851,,,Lenzburg,AG,ja
45061,4076_1,Sarmenstorf,661008,240175,,,Bremgarten,AG,
45062,4076_2,Sarmenstorf 2,661008,240175,,,Bremgarten,AG,
45063,4078_1,Uezwil,663192,240936,,,Bremgarten,AG,
45064,4233_2,Kallern,664735,241125,,,MUR,AG,
45065,4229_1,Bünzen,666872,240316,,,MUR,AG,
45066,4138_1,Leutwil,655610,240042,,,Kulm,AG,
45067,4202_1,Meisterschwanden,659792,238520,,,Lenzburg,AG,in Bearb.
45068,4196_1,Fahrwangen,660783,238526,,,Lenzburg,AG,ja
45069,1041_1,Niederschongau,661784,236447,,,Hochdorf,LU,
45070,4228_1,Boswil,666289,239751,,,MUR,AG,ja
45071,1041_2,Schongau,662448,235546,,,Hochdorf,LU,ja
45072,4132_1,Birrwil,657514,237718,,,Kulm,AG,ja
45073,4131_1,Beinwil a. See,657752,235585,,,Kulm,AG,
45074,1021_1,Aesch,660753,234198,,,Hochdorf,LU,ja
45075,4230_1,Buttwil,665934,235827,,,MUR,AG,
45076,2551_1,Lommiswil,602465,230108,,,LeBE,SO,
45077,2542_1,Bellach,604930,229446,,,LeBE,SO,
45078,2543_1,Bettlach,598899,227977,,,LeBE,SO,ja
45079,2556_1,Selzach,601412,228007,,,LeBE,SO,
45080,2546_1,Grenchen,596208,226641,,,LeBE,SO,
45081,387_1,Lengnau,594551,225379,,,Büren,BE,
45082,388_1,Leuzigen,601053,224829,,,Büren,BE,ja
45083,381_1,Arch,599211,224062,,,Büren,BE,ja
45084,2548_1,Hubersdorf,611409,232725,,,LeBE,SO,
45085,2555_1,Rüttenen,606883,231011,,,LeBE,SO,
45086,2554_1,Riedholz,609594,231041,,,LeBE,SO,
45087,2545_1,Flumenthal,612147,231480,,,LeBE,SO,
45088,992_1,Wangen a. A.,616466,231269,,,Wangen,BE,ja
45089,2550_1,Langendorf,605748,230202,,,LeBE,SO,
45091,2527_1,Luterbach,610819,229215,,,Wasseramt,SO,
45092,2516_1,Deitingen,613608,228832,,,Wasseramt,SO,ja
45093,2516_2,Deitingen,613608,228832,,,Wasseramt,SO,
45094,2601_1,Solothurn,608050,228174,,,SO,SO,ja
45095,2517_1,Derendingen,611269,227751,,,Wasseramt,SO,
45096,2513_1,Biberist,609042,225662,,,Wasseramt,SO,ja
45097,2523_1,Horriwil,613900,225669,,,Wasseramt,SO,ja
45098,2514_1,Bolken,617099,226531,,,Wasseramt,SO,ja
45099,2525_1,Kriegstetten,612094,224829,,,Wasseramt,SO,ja
45100,2529_1,Oekingen,612583,225182,,,Wasseramt,SO,
45101,2526_1,Lohn,606520,224254,,,Wasseramt,SO,
45102,2455_1,Lüterkofen,605383,223669,,,Bucheggberg,SO,
45103,2519_1,Gerlafingen (Nieder-),610194,224427,,,Wasseramt,SO,
45104,2520_1,Halten,612592,224143,,,Wasseramt,SO,
45105,2522_1,Hersiwil,614948,224025,,,Wasseramt,SO,
45106,337_1,Roggwil,629044,232105,,,Aarwangen,BE,ja
45107,990_1,Walliswil-Bipp,619215,231717,,,Wangen,BE,
45108,991_1,Walliswil-Wangen,618698,231196,,,Wangen,BE,
45109,977_1,Heimenhausen,619821,228866,,,Wangen,BE,ja
45110,342_1,Bützberg,623473,229532,,,Aarwangen,BE,
45111,329_1,Langenthal,626685,229071,,,Aarwangen,BE,ja
45112,986_2,Röthenbach b. Herzogenbuchsee,618414,228302,,,Wangen,BE,
45113,342_2,Thunstetten,624011,228095,,,Aarwangen,BE,ja
45114,331_1,Lotzwil,626652,226725,,,Aarwangen,BE,ja
45115,984_1,Oenz (Ober-),619396,225434,,,Wangen,BE,
45116,973_1,Bettenhausen,620939,224719,,,Wangen,BE,ja
45117,325_1,Busswil b. Melchnau,629916,226206,,,Aarwangen,BE,ja
45118,1134_1,Mehlsecken,639489,232922,,,Willisau,LU,
45119,1140_1,Reiden,640167,232423,,,Willisau,LU,ja
45120,1139_2,St. Urban,630245,231361,,,Willisau,LU,
45121,1139_1,Pfaffnau,634650,230757,,,Willisau,LU,ja
45122,1134_2,Langnau,639609,231203,,,Willisau,LU,
45123,1142_1,Roggliswil,633897,229082,,,Willisau,LU,ja
45124,1141_1,Richenthal,638257,229713,,,Willisau,LU,
45125,343_1,Untersteckholz,630715,228582,,,Aarwangen,BE,
45126,1125_1,Dagmersellen,641722,229247,,,Willisau,LU,ja
45127,1123_1,Altishofen,640032,228078,,,Willisau,LU,
45128,1131_2,Eppenwil Gm. Grossdietwil,636160,226950,,,Willisau,LU,
45129,1122_1,Altbüron,633762,225851,,,Willisau,LU,ja
45130,333_1,Melchnau,631293,225776,,,Aarwangen,BE,ja
45131,1126_1,Ebersecken,637351,225912,,,Willisau,LU,ja
45132,1137_1,Nebikon,640834,226938,,,Willisau,LU,ja
45133,336_1,Reisiswil,630754,223933,,,Aarwangen,BE,ja
45134,1131_1,Grossdietwil,633880,224598,,,Willisau,LU,ja
45135,1143_1,Schötz,641528,224564,,,Willisau,LU,ja
45136,4281_1,Reitnau,645920,233458,,,Zofingen,AG,ja
45137,1106_1,Winikon,646619,232151,,,Sursee,LU,
45138,1105_1,Wilihof,647404,230777,,,Sursee,LU,
45139,1100_1,Schlierbach,650941,230545,,,Sursee,LU,ja
45140,1144_1,Uffikon,643860,228990,,,Willisau,LU,
45141,1082_1,Büron,649662,229435,,,Sursee,LU,ja
45142,1097_1,Rickenbach,654146,230128,,,Sursee,LU,
45143,1085_2,Krumbach,652009,229003,,,Sursee,LU,ja
45144,1124_1,Buchs,645070,228060,,,Willisau,LU,
45145,1085_1,Geuensee,650663,227851,,,Sursee,LU,ja
45146,1127_1,Egolzwil,643093,226133,,,Willisau,LU,ja
45147,1146_1,Wauwil,644190,226227,,,Willisau,LU,ja
45148,1091_1,Kaltbach,647191,225931,,,Sursee,LU,
45149,1089_1,St. Erhard,648160,225969,,,Sursee,LU,
45150,1099_1,Tann Gm. Schenkon,653450,226350,,,Sursee,LU,
45151,1103_1,Sursee,650876,224849,,,Sursee,LU,ja
45152,1099_2,Schenkon,653079,224813,,,Sursee,LU,ja
45153,4141_1,Reinach,656456,233523,,,Kulm,AG,
45154,1035_1,Mosen,659515,232842,,,Hochdorf,LU,ja
45155,4232_1,Geltwil,666890,233526,,,MUR,AG,
45156,1096_1,Peffikon,655940,233427,,,Sursee,LU,
45157,4139_1,Menziken,656824,232512,,,Kulm,AG,ja
45158,4233_1,Burg,656090,231880,,,Kulm,AG,
45159,1101_1,Schwarzenbach,658527,231511,,,Sursee,LU,
45160,1022_1,Altwis,661553,232229,,,Hochdorf,LU,ja
45161,1036_1,Müswangen,664367,232269,,,Hochdorf,LU,
45162,1025_1,Ermensee,660882,231272,,,Hochdorf,LU,
45163,1030_1,Hitzkirch,662449,230775,,,Hochdorf,LU,ja
45164,1087_2,Gunzwil,656021,229230,,,Sursee,LU,
45165,1081_1,Münster,656992,228636,,,Sursee,LU,
45166,1027_1,Gelfingen,662613,229629,,,Hochdorf,LU,
45167,1042_1,Sulz,664145,230263,,,Hochdorf,LU,
45168,1034_1,Lieli,665150,228842,,,Hochdorf,LU,
45169,1038_1,Retschwil,661763,227183,,,Hochdorf,LU,
45170,1032_1,Kleinwangen,664826,227478,,,Hochdorf,LU,ja
45171,1032_2,Ibenmoos Gm. Hohenrain,666431,228089,,,Hochdorf,LU,
45172,1092_1,Neudorf,658401,225389,,,Sursee,LU,
45173,1039_1,Römerswil,661104,224627,,,Hochdorf,LU,ja
45174,1031_1,Hochdorf,664514,224297,,,Hochdorf,LU,ja
45175,1032_3,Hohenrain,666627,225980,,,Hochdorf,LU,ja
45176,390_1,Meinisberg,593122,223177,,,Büren,BE,
45177,393_1,Rüti b.Büren,597371,222363,,,Büren,BE,
45178,2444_1,Bibern,601424,221677,,,Bucheggberg,SO,ja
45179,2462_1,Tscheppach,603113,221825,,,Bucheggberg,SO,
45180,2450_1,Hessigkofen,602078,221161,,,Bucheggberg,SO,
45181,2446_1,Brügglen,604272,221286,,,Bucheggberg,SO,
45182,383_1,Büren a.A.,595103,220974,,,Büren,BE,ja
45183,2458_1,Mühledorf ,602907,220585,,,Bucheggberg,SO,ja
45184,2456_1,Gächliwil,600714,219754,,,Bucheggberg,SO,
45185,2441_1,Aetigkofen,602107,219405,,,Bucheggberg,SO,
45186,2463_1,Unterramsern,603298,218673,,,Bucheggberg,SO,
45187,386_1,Dotzigen,592710,218740,,,Büren,BE,ja
45188,2461_1,Schnottwil,596329,217880,,,Bucheggberg,SO,
45189,385_1,Diessbach b.B.,594185,217482,,,Büren,BE,ja
45190,382_1,Büetigen,592522,217206,,,Büren,BE,ja
45191,2443_1,Balm bei Messen,599457,216966,,,Bucheggberg,SO,
45192,545_1,Mülchi,602918,216669,,,Fraubrunnen,BE,in Bearb.
45193,2457_1,Messen,600701,215633,,,Bucheggberg,SO,ja
45194,1058_1,Horw,666038,207712,,,LU,LU,ja
45195,1066_2,Eigenthal,658862,206820,,,LU,LU,ja / in Bearb. 
45196,1066_1,Schwarzenberg,655835,207246,,,LU,LU,
45197,1059_1,Obernau,661819,209243,,,LU,LU,
45198,1059_2,Kriens,663885,209447,,,LU,LU,ja
45199,1062_1,Malters,656641,209818,,,LU,LU,ja
45200,1061_1,Luzern,666115,210876,,,LU,LU,ja
45201,1060_1,Winterbühl Gm. Littau,661540,213380,,,LU,LU,ja
45202,1060_2,Reussbühl,663895,212825,,,LU,LU,ja
45203,1062_2,Wilgis Gm. Malters,656680,211830,,,LU,LU,ja
45204,1093_1,Hellbühl,657887,213598,,,Sursee,LU,ja
45205,1024_1,Emmen,665447,214333,,,Hochdorf,LU,ja
45206,1024_3,Gerliswil,663029,214397,,,Hochdorf,LU,ja
45207,1009_1,Werthenstein,650533,211581,,,Entlebuch,LU,
45208,1002_4,Rengg,649598,206068,,,Entlebuch,LU,
45209,1001_2,Holz Gm. Doppelschwand,646707,206016,,,Entlebuch,LU,
45210,1007_6,Krummatt Gm. Romoos,643550,205260,,,Entlebuch,LU,
45211,1007_7,Eggbergen Gm. Romoos,645000,208140,,,Entlebuch,LU,ja
45212,1007_2,Romoos,644784,206835,,,Entlebuch,LU,ja
45213,1062_3,Egg Gm. Malters,653920,208300,,,LU,LU,
45214,1002_3,Ebnet,648543,208057,,,Entlebuch,LU,
45215,1001_1,Dorf Gm. Doppelschwand,646906,207698,,,Entlebuch,LU,
45216,1009_2,Schachen Gm. Werthenstein,653672,209682,,,Entlebuch,LU,ja
45217,1107_3,Fontannen,645190,209555,,,Sursee,LU,
45218,1107_1,Steinhusen Gm. Wolhusen,646300,210394,,,Sursee,LU,
45219,1098_1,Werthenstein-Unterdorf,650390,212240,,,Sursee,LU,
45220,1107_2,Wolhusen,648252,212486,,,Sursee,LU,ja
45221,1098_2,Sigigen,652760,212795,,,Sursee,LU,
45222,1098_3,Ziswil,655230,213270,,,Sursee,LU,
45223,1007_4,Breitebnet Gm. Romoos,641650,205790,,,Entlebuch,LU,
45224,1007_3,Holzwegen Gm. Romoos,642430,206475,,,Entlebuch,LU,
45225,1136_4,Menzberg,642469,210093,,,Willisau,LU,ja
45226,1135_1,Luthern Bad,636991,208584,,,Willisau,LU,
45227,908_5,Ried Gm. Trub,634401,200129,,,Signau,BE,
45228,1135_2,Luthern,636297,212051,,,Willisau,LU,
45229,1136_1,Twerenegg,643554,212943,,,Willisau,LU,
45230,1132_2,Hübeli Gm. Hergiswil,639078,212721,,,Willisau,LU,
45231,1148_1,Rohrmatt,641528,214687,,,Willisau,LU,ja
45232,406_4,Goldbach,617970,205895,,,Burgdorf,BE,
45233,407_1,Rotenbaum,619540,212810,,,Burgdorf,BE,
45234,407_5,Kaltacker,617712,214027,,,Burgdorf,BE,
45235,406_1,Biembach,613806,205411,,,Burgdorf,BE,
45236,407_3,Hub,616248,213506,,,Burgdorf,BE,
45237,406_2,Hasle bei Burgdorf,615573,207243,,,Burgdorf,BE,
45238,418_2,Gumm Gm. Oberburg,613250,207250,,,Burgdorf,BE,
45239,414_2,Krauchthal,609747,206577,,,Burgdorf,BE,ja
45240,418_3,Schupposen Gm. Oberburg,612685,208893,,,Burgdorf,BE,
45241,414_1,Hettiswil,609106,208956,,,Burgdorf,BE,
45242,543_1,Mattstetten,605706,208761,,,Fraubrunnen,BE,
45243,418_1,Oberburg,614210,209828,,,Burgdorf,BE,
45244,409_1,Hindelbank,607809,210166,,,Burgdorf,BE,ja
45245,407_4,Busswil b. Heimiswil,616366,209906,,,Burgdorf,BE,
45246,404_1,Burgdorf,614124,211738,,,Burgdorf,BE,ja
45247,416_1,Kreuzweg Gm. Mötschwil,609878,210978,,,Burgdorf,BE,
45248,407_2,Heimiswil,616714,212540,,,Burgdorf,BE,
45249,415_1,Lyssach,610699,212671,,,Burgdorf,BE,
45250,411_1,Kernenried,608156,213144,,,Burgdorf,BE,ja
45251,354_1,Kirchlindach,597824,205257,,,BE,BE,
45252,307_3,Meikirch,594345,206508,,,Aarberg,BE,ja
45253,307_2,Wahlendorf,592339,206302,,,Aarberg,BE,
45254,546_1,Münchenbuchsee,601013,207819,,,Fraubrunnen,BE,ja
45255,311_1,Schüpberg,596649,208013,,,Aarberg,BE,
45256,310_2,Moosaffoltern,600030,210257,,,Aarberg,BE,
45257,311_2,Schwanden b. Schüpfen,597220,209464,,,Aarberg,BE,
45258,311_3,Schüpfen,595282,209672,,,Aarberg,BE,
45259,311_4,Ziegelried,593144,209915,,,Aarberg,BE,
45260,310_3,Seewil,597740,210789,,,Aarberg,BE,
45261,557_1,Zuzwil ,602496,211140,,,Fraubrunnen,BE,ja
45262,310_1,Dieterswil,598958,211571,,,Aarberg,BE,
45263,310_5,Wierezwil,596533,211941,,,Aarberg,BE,
45264,303_3,Suberg,592415,212030,,,Aarberg,BE,
45265,541_1,Iffwil,603167,212416,,,Fraubrunnen,BE,
45266,550_1,Scheunen,601392,213035,,,Fraubrunnen,BE,
45267,310_4,Rapperswil,597867,212534,,,Aarberg,BE,ja
45268,310_6,Zimlisberg,598410,213804,,,Aarberg,BE,
45269,303_2,Grossaffoltern,594104,212801,,,Aarberg,BE,
45270,303_4,Vorimholz,594768,213353,,,Aarberg,BE,
45271,303_1,Ammerzwil,592570,213120,,,Aarberg,BE,
45272,1024_2,Sprengi Gm. Emmen,663290,214650,,,Hochdorf,LU,
45273,1040_1,Rothenburg,663242,216172,,,Hochdorf,LU,ja
45274,1093_2,Neuenkirch,658025,216810,,,Sursee,LU,ja
45275,1026_1,Eschenbach,666857,220563,,,Hochdorf,LU,ja
45276,1037_1,Rain,662264,220285,,,Hochdorf,LU,ja
45277,1102_1,Sempach,657099,220921,,,Sursee,LU,ja
45278,1023_1,Ballwil,666825,222831,,,Hochdorf,LU,ja
45279,1088_1,Hildisrieden,659930,222524,,,Sursee,LU,ja / in Bearb.
45280,1084_1,Eich,655302,222444,,,Sursee,LU,ja
45281,1098_6,Ruswil,652245,214974,,,Sursee,LU,ja
45282,1136_3,Menznau,645581,214865,,,Willisau,LU,ja
45283,1148_3,Schülen,642785,214854,,,Willisau,LU,
45284,1098_5,Rüdiswil,650944,215626,,,Sursee,LU,
45285,1136_2,Geiss,646864,215705,,,Willisau,LU,ja
45286,1098_4,Etzenerlen,653070,216870,,,Sursee,LU,
45287,1148_2,Ostergau,643999,218265,,,Willisau,LU,ja
45288,1083_1,Buttisholz,649762,218370,,,Sursee,LU,ja
45289,1094_1,Nottwil,653020,220696,,,Sursee,LU,ja
45290,1087_1,Bühl Gm. Gunzwil,655160,225365,,,Sursee,LU,
45291,1096_2,Sigerswil Gm. Grosswangen,649300,221150,,,Sursee,LU,
45292,1086_1,Grosswangen,646436,220414,,,Sursee,LU,ja
45293,1128_1,Ettiswil,643895,222160,,,Willisau,LU,ja
45294,1121_1,Alberswil,642809,222215,,,Willisau,LU,ja
45295,1095_1,Oberkirch,651327,223134,,,Sursee,LU,
45296,1095_2,Dogelzwil Gm. Oberkirch,649669,222952,,,Sursee,LU,ja
45297,1133_1,Kottwil,646007,223754,,,Willisau,LU,
45298,1091_2,Mauensee,647556,224267,,,Sursee,LU,ja
45299,1149_1,Willisau Stadt,641746,218979,,,Willisau,LU,ja / ja
45300,1132_1,Hergiswil,639404,215056,,,Willisau,LU,ja
45301,1135_3,Hofstatt,636182,214966,,,Willisau,LU,ja
45302,1135_4,Ellbach Gm. Luthern,634710,214280,,,Willisau,LU,
45303,1148_4,Willisau Land,642435,216980,,,Willisau,LU,
45304,1145_1,Ufhusen,634558,218552,,,Willisau,LU,ja
45305,1150_1,Zell,636746,220704,,,Willisau,LU,ja
45306,326_1,Gondiswil,632867,221785,,,Aarwangen,BE,ja
45307,1129_1,Fischbach,635579,222846,,,Willisau,LU,ja
45308,1138_1,Ohmstal,638634,223279,,,Willisau,LU,
45309,424_5,Kappelen,621105,216171,,,Burgdorf,BE,
45310,424_3,Mistelberg Gm. Wynigen,619086,215792,,,Burgdorf,BE,
45311,424_1,Wynigen,617394,217259,,,Burgdorf,BE,ja
45312,335_1,Bleuen,623831,218132,,,Aarwangen,BE,in Bearb.
45313,424_4,Rüedisbach,620090,218749,,,Burgdorf,BE,
45314,322_1,Auswil,629977,220597,,,Aarwangen,BE,ja
45315,338_1,Rohrbach,628468,220662,,,Aarwangen,BE,
45316,344_1,Ursenbach,625327,220681,,,Aarwangen,BE,ja
45317,332_1,Wyssbach,629398,221562,,,Aarwangen,BE,ja
45318,328_1,Kleindietwil,626661,221751,,,Aarwangen,BE,
45319,988_1,Grasswil,617335,221761,,,Wangen,BE,ja
45320,985_1,Neuhaus Gm. Ochlenberg,622560,222170,,,Wangen,BE,
45321,2531_1,Steinhof,618844,223410,,,Wasseramt,SO,
45322,412_1,Bütikofen,613264,214385,,,Burgdorf,BE,
45323,420_1,Rüdtligen-Alchenflüh,609948,215161,,,Burgdorf,BE,
45324,412_2,Kirchberg ,611034,215062,,,Burgdorf,BE,
45325,405_1,Ersigen,611937,215917,,,Burgdorf,BE,ja
45326,401_1,Aefligen,609151,216071,,,Burgdorf,BE,ja
45327,549_1,Schalunen,606645,217576,,,Fraubrunnen,BE,
45328,402_1,Alchenstorf,615038,219401,,,Burgdorf,BE,ja
45329,552_1,Utzenstorf,609060,219755,,,Fraubrunnen,BE,ja
45330,533_1,Bätterkinden,607657,219939,,,Fraubrunnen,BE,ja
45331,2442_1,Aetingen,605021,220106,,,Bucheggberg,SO,
45332,410_2,Höchstetten-Hellsau,614671,221478,,,Burgdorf,BE,
45333,410_1,Höchstetten,614671,221478,,,Burgdorf,BE,
45334,2521_2,Winistorf,616079,222383,,,Wasseramt,SO,
45335,988_2,Seeberg,616875,222819,,,Wangen,BE,ja
45336,2521_1,Heinrichswil,614827,222860,,,Wasseramt,SO,ja
45337,2452_1,Küttigkofen,605839,222185,,,Bucheggberg,SO,
45338,2530_1,Recherswil,611774,223555,,,Wasseramt,SO,
45339,556_1,Zielebach,610467,223086,,,Fraubrunnen,BE,
45340,391_1,Oberwil bei Büren,597439,219765,,,Büren,BE,
45341,537_1,Etzelkofen,603050,214800,,,Fraubrunnen,BE,ja
45342,394_1,Wengi,596983,214700,,,Büren,BE,ja
45343,394_2,Scheunenberg,595441,214924,,,Büren,BE,
45344,4036_1,Oberehrendingen,668059,260845,,,Baden,AG,ja
45345,86_1,Dielsdorf,676944,259558,,,Dielsdorf,ZH,ja
45346,90_1,Niederhasli,679140,259157,,,Dielsdorf,ZH,
45347,82_1,Boppelsen,672672,258196,,,Dielsdorf,ZH,
45348,83_1,Buchs,675289,256826,,,Dielsdorf,ZH,
45349,4048_1,Würenlos,669818,254890,,,Baden,AG,ja
45350,4030_1,Killwangen,668460,253821,,,Baden,AG,
45351,4040_1,Spreitenbach,669996,252332,,,Baden,AG,ja
45352,251_1,Weiningen ,675146,252572,,,Dietikon,ZH,
45353,92_1,Oberglatt,681475,258990,,,Dielsdorf,ZH,
45354,63_1,Lufingen,687114,260567,,,Bülach,ZH,
45355,56_1,Embrach,687121,261816,,,Bülach,ZH,
45356,65_1,Unterwagenburg,691010,260651,,,Bülach,ZH,ja / in Bearb. 
45357,97_1,Rümlang,682508,256490,,,Dielsdorf,ZH,ja
45358,62_1,Kloten,686358,255939,,,Bülach,ZH,
45359,261_10,Affoltern,680757,252787,,,ZH,ZH,ja
45360,261_7,Seebach,683371,252535,,,ZH,ZH,
45361,66_1,Opfikon,685962,254116,,,Bülach,ZH,
45362,200_1,Brüttisellen,689874,253163,,,Uster,ZH,
45365,176_1,Lindau,693003,255298,,,Pfäffikon,ZH,ja
45366,174_3,Effretikon,694148,253496,,,Pfäffikon,ZH,ja
45367,174_5,Ottikon,696424,254544,,,Pfäffikon,ZH,
45368,180_3,Theilingen,700306,253028,,,Pfäffikon,ZH,
45369,180_2,Weisslingen,699977,254240,,,Pfäffikon,ZH,
45370,180_1,Neschwil,701809,254142,,,Pfäffikon,ZH,
45371,182_1,Wildberg,703934,253919,,,Pfäffikon,ZH,ja
45372,231_1,Zell ,704411,256158,,,Winterthur,ZH,
45373,231_4,Langenhard Gm. Zell,703433,256945,,,Winterthur,ZH,
45374,231_3,Rikon im Tösstal,702410,255794,,,Winterthur,ZH,
45375,231_2,Kollbrunn,700684,257241,,,Winterthur,ZH,
45376,230_1,Winterthur,696846,261856,,,Winterthur,ZH,in Bearb.
45377,217_1,Elgg,707610,260929,,,Winterthur,ZH,ja
45378,4551_1,Aadorf,710238,260815,,,Frauenfeld,TG,ja
45379,4781_2,Wängi,714127,261732,,,Münchwilen,TG,ja
45380,4781_3,Tuttwil,713231,260124,,,Münchwilen,TG,
45381,4551_3,Guntershausen bei Aadorf,711444,259199,,,Frauenfeld,TG,
45382,4551_2,Ettenhausen,710121,259568,,,Frauenfeld,TG,
45383,4721_2,Bichelsee,711877,256323,,,Münchwilen,TG,ja
45384,4724_2,Wallenwil,714456,257336,,,Münchwilen,TG,
45385,4724_1,Eschlikon,714605,257859,,,Münchwilen,TG,
45386,4723_2,Oberhof,723454,264124,,,Münchwilen,TG,
45387,4761_1,Sirnach,717813,257992,,,Münchwilen,TG,
45388,4726_4,Dussnang,714919,254364,,,Münchwilen,TG,
45389,4726_3,Schurten,712844,253821,,,Münchwilen,TG,ja
45390,181_1,Wila,706149,253103,,,Pfäffikon,ZH,
45391,181_2,Wila 2,706149,253103,,,Pfäffikon,ZH,
45392,4721_1,Balterswil,713039,256892,,,Münchwilen,TG,
45393,228_2,Turbenthal,706005,255005,,,Winterthur,ZH,
45394,4721_3,Steig Gm.Bichelsee,712309,255419,,,Münchwilen,TG,
45395,4746_1,St. Margarethen,717712,260852,,,Münchwilen,TG,
45396,4716_1,Bettwiesen,719205,262062,,,Münchwilen,TG,ja
45397,4791_2,Wuppenau,725849,262076,,,Münchwilen,TG,
45398,4791_3,Hosenruck,726904,261316,,,Münchwilen,TG,
45399,3425_1,Wil ,720818,258089,,,Wil ,SG,ja
45400,3426_1,Zuzwil ,725958,259538,,,Wil ,SG,
45401,4751_1,Rickenbach ,721510,256649,,,Münchwilen,TG,ja
45402,3408_1,Oberstetten,724475,256611,,,Untertoggenburg,SG,
45403,4786_1,Wilen ,720338,256861,,,Münchwilen,TG,
45404,4471_1,Bischofszell,735804,261675,,,Bischofszell,TG,ja
45405,3422_1,Niederbüren,733032,258731,,,Wil ,SG,ja
45406,4486_2,Hauptwil,736624,260336,,,Bischofszell,TG,
45407,3444_1,Waldkirch,739186,259156,,,Gossau,SG,ja
45408,4471_3,Kenzenau Gm. Bischofszell,735804,261675,,,Bischofszell,TG,
45409,4022_1,Bellikon,668331,249085,,,Baden,AG,
45410,4022_2,Hausen,668469,249763,,,Baden,AG,
45411,249_1,Unterengstringen,676227,251918,,,Dietikon,ZH,ja
45412,247_1,Schlieren,676147,250298,,,Dietikon,ZH,ja
45413,4066_1,Eggenwil,668095,246985,,,Bremgarten,AG,
45414,4023_1,Groinden Gm. Bergdietikon,671620,248440,,,Baden,AG,
45415,4081_1,Widen,669846,246747,,,Bremgarten,AG,
45416,4075_1,Rudolfstetten,671163,246893,,,Bremgarten,AG,
45417,4075_2,Friedlisberg,671772,246309,,,Bremgarten,AG,
45418,4063_1,Bremgarten,668386,244811,,,Bremgarten,AG,ja
45419,4069_1,Hermetschwil,668528,242718,,,Bremgarten,AG,
45420,4083_1,Zufikon,669586,244339,,,Bremgarten,AG,
45421,4062_1,Berikon,670527,244848,,,Bremgarten,AG,
45422,4074_1,Oberwil-Lieli,671620,243220,,,Bremgarten,AG,
45423,242_1,Birmensdorf,675401,245168,,,Dietikon,ZH,
45424,248_1,Uitikon a. Albis,676538,247162,,,Dietikon,ZH,
45425,261_3,Altstetten,678774,248876,,,ZH,ZH,
45426,261_2,Albisrieden,679054,247692,,,ZH,ZH,ja
45427,14_1,Wettswil a.A.,678222,243686,,,Affoltern,ZH,
45428,261_4,Höngg,680059,250678,,,ZH,ZH,
45429,261_5,Oerlikon,683436,251768,,,ZH,ZH,
45430,69_1,Wallisellen,687051,251962,,,Bülach,ZH,
45431,261_9,Zürich,682736,248230,,,ZH,ZH,ja
45432,191_1,Dübendorf,689413,250600,,,Uster,ZH,
45433,261_6,Schwamendingen,685698,251004,,,ZH,ZH,
45434,200_2,Wangen,691082,251826,,,Uster,ZH,
45435,261_8,Witikon,687028,245962,,,ZH,ZH,
45436,191_2,Gfenn,691229,249802,,,Uster,ZH,
45437,193_1,Fällanden,690650,247343,,,Uster,ZH,ja
45438,195_1,Ebmatingen,690759,245201,,,Uster,ZH,
45439,161_1,Zollikon,686045,244000,,,Meilen,ZH,
45440,161_2,Zollikerberg,687971,244572,,,Meilen,ZH,
45441,174_1,Bisikon,694914,251959,,,Pfäffikon,ZH,
45442,174_2,Illnau,696932,251660,,,Pfäffikon,ZH,ja
45443,174_4,Horben bei Illnau,698476,252067,,,Pfäffikon,ZH,
45444,178_4,Rumlikon,699703,251784,,,Pfäffikon,ZH,
45445,178_3,Madetswil,702111,251923,,,Pfäffikon,ZH,
45446,178_5,Sennhof,701886,249601,,,Pfäffikon,ZH,
45447,178_2,Russikon,701029,250160,,,Pfäffikon,ZH,
45448,178_1,Gündisau,703334,250593,,,Pfäffikon,ZH,
45449,177_1,Hermatswil,704815,250281,,,Pfäffikon,ZH,
45450,172_1,Fehraltdorf,699059,249057,,,Pfäffikon,ZH,
45451,194_1,Greifensee,693598,246752,,,Uster,ZH,
45452,198_4,Nänikon,694830,247350,,,Uster,ZH,
45453,198_1,Freudwil,697840,247902,,,Uster,ZH,
45454,177_4,Wallikon,703266,248354,,,Pfäffikon,ZH,
45455,198_6,Wermatswil,698763,246522,,,Uster,ZH,
45456,177_2,Pfäffikon ,701683,247128,,,Pfäffikon,ZH,ja
45457,195_2,Maur,693025,244020,,,Uster,ZH,ja
45458,198_3,Niederuster,695071,244700,,,Uster,ZH,
45459,198_2,Uster,696680,245190,,,Uster,ZH,ja
45460,177_3,Irgenhausen,702266,246467,,,Pfäffikon,ZH,
45461,177_5,Auslikon,703391,244760,,,Pfäffikon,ZH,
45462,119_1,Seegräben,700727,244270,,,Hinwil,ZH,
45463,171_3,Undalen,706957,248695,,,Pfäffikon,ZH,
45464,179_4,Rossweid Gm. Sternenberg,711470,249280,,,Pfäffikon,ZH,ja
45465,179_2,Kohlwies Gm. Sternenberg,711175,249510,,,Pfäffikon,ZH,
45466,4726_2,Fischingen,715506,252723,,,Münchwilen,TG,ja
45467,4726_1,Au,714317,250690,,,Münchwilen,TG,
45468,4726_5,Dingetswil,712597,251285,,,Münchwilen,TG,
45469,179_1,Kohltobel Gm. Sternenberg,711175,249510,,,Pfäffikon,ZH,
45470,179_3,Gfell,712887,248980,,,Pfäffikon,ZH,
45471,111_2,Adetswil,705917,244109,,,Hinwil,ZH,
45472,120_5,Neutal Gm. Wald,712100,239130,,,Hinwil,ZH,
45473,171_2,Lipperschwendi,711763,246539,,,Pfäffikon,ZH,
45474,114_1,Boden Gm. Fieschenthal,712812,245110,,,Hinwil,ZH,in Bearb.
45475,114_2,Lenzen,712603,246295,,,Hinwil,ZH,
45476,171_1,Bauma,708632,247239,,,Pfäffikon,ZH,ja
45477,111_5,Tanne Gm. Bäretswil,708760,244993,,,Hinwil,ZH,
45478,114_3,Hörnli Gm. Fischenthal,713540,247760,,,Hinwil,ZH,
45479,181_3,Schuppis Gm. Wila,708480,250420,,,Pfäffikon,ZH,
45480,228_1,Schmidrüti,710538,252594,,,Winterthur,ZH,
45481,3392_1,Kirchberg ,720873,252413,,,Alttoggenburg,SG,ja
45482,3407_1,Oberrindal,726806,252132,,,Untertoggenburg,SG,ja
45483,3394_1,Mosnang,720948,246994,,,Alttoggenburg,SG,ja
45484,3403_1,Ganterschwil,724668,249116,,,Untertoggenburg,SG,
45485,3275_1,Oberhelfenschwil,726494,246149,,,Neutoggenburg,SG,
45486,3406_1,Mogelsberg,728168,247071,,,Untertoggenburg,SG,
45487,3402_1,Flawil,732096,253107,,,Untertoggenburg,SG,ja
45488,3443_1,Gossau ,736919,252813,,,Gossau,SG,
45489,3001_2,Ramsen,736882,250759,,,Hinterland,AR,ja
45490,3401_1,Degersheim,733022,248353,,,Untertoggenburg,SG,ja
45491,3001_1,Herisau,738831,250457,,,Hinterland,AR,ja
45492,3406_2,Dicken bei Degersheim,732391,244330,,,Untertoggenburg,SG,in Bearb.
45493,3004_1,Schwellbrunn,736782,246117,,,Hinterland,AR,ja
45494,3007_1,Waldstatt,739562,246842,,,Hinterland,AR,ja
45495,3002_1,Hundwil,742070,247784,,,Hinterland,AR,ja
45496,4226_1,Besenbüren,668409,240774,,,MUR,AG,
45497,4238_1,Rottenschwil,669819,240726,,,MUR,AG,
45498,4079_1,Unterlunkhofen,671261,241590,,,Bremgarten,AG,ja
45499,4073_1,Oberlunkhofen,671945,240481,,,Bremgarten,AG,
45500,4061_1,Arni,674224,241314,,,Bremgarten,AG,
45501,3_1,Bonstetten,677832,240986,,,Affoltern,ZH,in Bearb.
45502,13_1,Stallikon,679475,242096,,,Affoltern,ZH,ja
45503,4236_1,MUR,668176,236593,,,MUR,AG,
45504,4222_1,Aristau,669873,237606,,,MUR,AG,
45505,4071_1,Jonen,672371,238799,,,Bremgarten,AG,
45506,4234_1,Merenschwand,670864,234697,,,MUR,AG,ja
45507,11_1,Ottenbach,673045,237178,,,Affoltern,ZH,ja
45508,2_2,Zwillikon,675396,237791,,,Affoltern,ZH,ja
45509,2_1,Affoltern a.A.,676268,236619,,,Affoltern,ZH,
45510,10_1,Obfelden,674184,234989,,,Affoltern,ZH,
45511,1_1,Auegst a.A.,679205,235731,,,Affoltern,ZH,
45512,131_1,Adliswil,682095,240716,,,Horgen,ZH,
45513,135_1,Kilchberg,683717,241493,,,Horgen,ZH,ja
45514,154_1,Küsnacht ,686309,241617,,,Meilen,ZH,ja
45515,160_1,Zumikon,689642,242942,,,Meilen,ZH,
45516,139_1,Rüschlikon,684439,240169,,,Horgen,ZH,ja
45517,136_1,Langnau a.A.,683604,237969,,,Horgen,ZH,ja
45518,151_1,Erlenbach,687168,240077,,,Meilen,ZH,
45519,137_1,Oberrieden,686176,236834,,,Horgen,ZH,
45520,152_2,Wetzwil,690188,238826,,,Meilen,ZH,
45521,192_2,Hinteregg,694126,240226,,,Uster,ZH,
45522,133_3,Sihlwald,684668,235868,,,Horgen,ZH,
45523,133_1,Horgen,687661,235149,,,Horgen,ZH,
45524,156_1,Meilen,691255,236106,,,Meilen,ZH,
45525,156_2,Meilen 2,691255,236106,,,Meilen,ZH,
45526,156_3,Meilen 3,691255,236106,,,Meilen,ZH,ja
45527,152_1,Herrliberg,689014,237970,,,Meilen,ZH,
45528,195_3,Uessikon,694152,242419,,,Uster,ZH,
45529,198_5,Riedikon,696206,243188,,,Uster,ZH,in Bearb.
45530,198_7,Sulzbach,698873,242829,,,Uster,ZH,
45531,121_4,Robenhausen,701675,243055,,,Hinwil,ZH,
45532,121_1,Oberwetzikon,703469,242464,,,Hinwil,ZH,
45533,121_2,Kempten,704013,243779,,,Hinwil,ZH,
45534,115_4,Bertschikon,699715,241920,,,Hinwil,ZH,
45535,121_6,Wetzikon (Unter-),702336,241854,,,Hinwil,ZH,
45536,121_5,Ettenhausen bei Wetzikon,704769,242227,,,Hinwil,ZH,
45537,196_1,Mönchaltdorf,697009,240685,,,Uster,ZH,ja
45538,115_1,Gossau ,699834,240441,,,Hinwil,ZH,ja
45539,115_2,Grüt,701447,240832,,,Hinwil,ZH,
45540,192_1,Egg,694666,239492,,,Uster,ZH,ja
45541,192_3,Esslingen,696376,238372,,,Uster,ZH,
45542,116_1,Grüningen,700077,237738,,,Hinwil,ZH,
45543,115_3,Herschmettlen,703036,237945,,,Hinwil,ZH,
45544,115_5,Ottikon,701290,238980,,,Hinwil,ZH,
45545,157_1,Oetwil a. See,696968,236334,,,Meilen,ZH,
45546,112_1,Bubikon,704461,236191,,,Hinwil,ZH,
45547,159_1,Uetikon am See,693720,235730,,,Meilen,ZH,
45548,155_1,Männedorf,694916,234356,,,Meilen,ZH,
45549,112_2,Wolfhausen,703331,235036,,,Hinwil,ZH,
45550,117_4,Unterholz Gm. Hinwil,705987,239718,,,Hinwil,ZH,
45551,121_3,Robank-Linggenberg,700896,242733,,,Hinwil,ZH,
45552,111_1,Bäretswil,707168,243706,,,Hinwil,ZH,ja
45553,111_6,Bettswil,709068,243463,,,Hinwil,ZH,
45554,111_4,Wappenswil Gm. Bäretswil,708323,242216,,,Hinwil,ZH,
45555,117_2,Ringwil,707128,241401,,,Hinwil,ZH,
45556,117_5,Hinwil,706330,240010,,,Hinwil,ZH,
45557,117_1,Girenbad bei Hinwil,708404,240823,,,Hinwil,ZH,
45558,120_6,Riet bei Gibswil,711458,240773,,,Hinwil,ZH,
45559,117_3,Wernetshausen,708034,239679,,,Hinwil,ZH,
45560,113_3,Dürnten (Unter-),706205,237266,,,Hinwil,ZH,
45561,113_1,Oberdürnten,707659,237561,,,Hinwil,ZH,
45562,120_1,Wald ,711579,236955,,,Hinwil,ZH,ja
45563,120_2,Wald 2,711579,236955,,,Hinwil,ZH,
45564,118_1,Rüti ,707186,235342,,,Hinwil,ZH,
45565,118_2,Fägswil Gm. Rüti,708576,236040,,,Hinwil,ZH,
45566,120_4,Laupen,712862,235905,,,Hinwil,ZH,
45567,3333_1,Goldingen,715622,235790,,,See,SG,
45568,113_2,Tann,706943,235841,,,Hinwil,ZH,ja
45569,111_3,Fehrenwaldsberg Gm. Bäretswil,710529,242953,,,Hinwil,ZH,
45570,120_3,Hittenberg,713201,237378,,,Hinwil,ZH,
45571,3373_1,Krinau,721812,241963,,,Neutoggenburg,SG,ja
45572,3377_1,Ricken Gm. Wattwil,721550,236060,,,Neutoggenburg,SG,ja
45573,3337_2,Walde,718980,236693,,,See,SG,
45574,3003_1,Schönengrund,735172,243277,,,Hinterland,AR,ja
45575,3376_1,St. Peterzell,731172,242217,,,Neutoggenburg,SG,ja
45576,3006_1,Schönau Gm. Urnäsch,737350,241670,,,Hinterland,AR,ja
45577,3002_2,Lehnen Gm. Hundwil,740510,243460,,,Hinterland,AR,ja
45578,3372_1,Mistelegg Gm. Hemberg,731360,240289,,,Neutoggenburg,SG,ja
45579,4225_1,Benzenschwil,670207,233280,,,MUR,AG,
45580,9_2,Mettmenstetten,677578,233022,,,Affoltern,ZH,ja
45581,9_1,Herferswil,679586,234119,,,Affoltern,ZH,
45582,4224_1,Beinwil,668485,231405,,,MUR,AG,
45583,4235_1,Mühlau,671991,231424,,,MUR,AG,
45584,8_1,Maschwanden,674756,232017,,,Affoltern,ZH,
45585,7_1,Knonau,677563,230811,,,Affoltern,ZH,
45586,9_3,Rossau Gm. Mettmenstetten,679180,231100,,,Affoltern,ZH,
45589,4223_1,Auw,670120,229379,,,MUR,AG,ja
45590,4239_1,Sins,672531,227196,,,MUR,AG,
45591,1702_3,Hagendorn,675280,228504,,,,ZG,ja
45592,1702_1,Cham,677345,226091,,,,ZG,
45593,1702_2,Cham 2,677345,226091,,,,ZG,ja
45594,4221_1,Abtwil,669452,225250,,,MUR,AG,
45595,4237_1,Oberrüti,672472,224336,,,MUR,AG,
45596,133_2,Horgenberg Gem. Horgen,686450,234150,,,Horgen,ZH,
45597,142_2,Wädenswil 2,693650,231638,,,Horgen,ZH,
45598,6_2,Kappel am Albis,682394,231322,,,Affoltern,ZH,ja
45599,142_3,Langrüti Gm. Wädenswil,692325,230055,,,Horgen,ZH,
45600,132_3,Hirzel,688476,230031,,,Horgen,ZH,
45601,132_1,Hirzel 2,688476,230031,,,Horgen,ZH,
45602,132_2,Hirzel 3,688476,230031,,,Horgen,ZH,
45603,1704_1,Menzingen,687288,225931,,,,ZG,ja
45604,134_1,Hütten,692707,225643,,,Horgen,ZH,ja
45605,140_1,Schönenberg,691334,227637,,,Horgen,ZH,
45606,142_4,Stocken Gm. Wädenswil,690652,231321,,,Horgen,ZH,
45607,133_4,Arn,689206,232635,,,Horgen,ZH,
45608,158_1,Stäfa,697118,232971,,,Meilen,ZH,ja
45609,153_1,Feldbach,702124,232959,,,Meilen,ZH,ja
45610,142_1,Wädenswil,693650,231638,,,Horgen,ZH,ja
45611,1321_1,Feusisberg,699202,227092,,,Höfe,SZ,ja / ja
45612,1344_1,Lachen,707043,227799,,,March,SZ,ja
45613,1341_1,Altendorf,705448,227759,,,March,SZ,ja
45614,3337_1,SGkappel,715819,233790,,,See,SG,
45615,3332_1,Eschenbach ,712303,233266,,,See,SG,ja
45616,3335_1,Bollingen,710253,230822,,,See,SG,
45617,3339_1,Uznach,717054,231536,,,See,SG,ja
45618,1347_1,Tuggen,714200,229148,,,March,SZ,ja
45619,1349_1,Wangen ,710414,227723,,,March,SZ,ja
45620,1342_1,Galgenen,708858,226723,,,March,SZ,ja
45622,3334_1,Gommiswald,720010,232345,,,See,SG,ja
45624,3354_1,Krummenau,730924,234534,,,Obertoggenburg,SG,ja
45625,3354_2,Ennetbühl,734209,233711,,,Obertoggenburg,SG,
45626,3355_1,Nesslau,733181,232181,,,Obertoggenburg,SG,ja
45627,3351_1,Starkenbach,737285,227663,,,Obertoggenburg,SG,ja / ja
45628,4231_1,Dietwil,672310,222413,,,MUR,AG,ja
45629,1033_1,Inwil,669205,219420,,,Hochdorf,LU,ja
45630,1707_1,Risch,677954,220862,,,,ZG,ja / ja
45631,1064_1,Meierskappel,676232,219753,,,LU,LU,ja
45632,1065_1,Root,672474,219212,,,LU,LU,ja
45633,1052_2,Perlen,669900,218000,,,LU,LU,
45634,1052_1,Buchrain,669031,216557,,,LU,LU,ja
45635,1054_1,Ebikon,668857,215209,,,LU,LU,ja
45636,1067_1,Udligenswil,673104,215959,,,LU,LU,ja
45637,1709_1,Unterägeri,686922,221350,,,,ZG,
45638,1706_1,Oberägeri,689212,221052,,,,ZG,ja
45639,1371_1,Sattel,691073,215444,,,SZ,SZ,ja
45640,1711_1,Zug,681313,225433,,,,ZG,ja
45641,1711_2,Zug 2,681313,225433,,,,ZG,ja
45642,1301_1,Einsiedeln,698974,220504,,,Einsiedeln,SZ,ja
45643,1370_1,Rothenthurm,693914,217796,,,SZ,SZ,ja
45644,1345_1,Reichenburg,716512,225453,,,March,SZ,ja / in Bearb.
45645,1348_1,Vorderthal,710973,219888,,,March,SZ,ja
45646,1343_1,Innerthal,712340,218211,,,March,SZ,ja
45647,1602_1,Bilten,720697,223574,,,,GL,
45648,1622_1,Niederurnen,722459,220631,,,,GL,
45649,1623_1,Oberurnen,723063,219368,,,,GL,
45650,1608_1,Filzbach,728265,220111,,,,GL,ja
45651,1624_1,Obstalden,729917,219885,,,,GL,ja
45652,1619_2,Näfels-Berg,723310,217751,,,,GL,
45653,1619_1,Näfels,723310,217751,,,,GL,ja
45654,1617_1,Mollis,724263,217183,,,,GL,ja
45655,1618_1,Mühlehorn,731646,219984,,,,GL,ja
45656,3295_1,Unterterzen,737850,219694,,,Sargans,SG,ja
45657,3298_1,Walenstadt,742223,220469,,,Sargans,SG,ja
45658,1331_1,Küssnacht am Rigi,675532,215237,,,Küssnacht,SZ,ja
45659,1051_1,Adligenswil,670302,213764,,,LU,LU,ja
45660,1063_1,Meggen,671141,211044,,,LU,LU,ja
45661,1069_1,Weggis,676002,209594,,,LU,LU,ja
45662,1068_1,Vitznau,679472,207122,,,LU,LU,
45663,1362_1,Arth,682354,213181,,,SZ,SZ,ja
45664,1374_1,Steinerberg,687131,211875,,,SZ,SZ,ja
45665,1373_1,Steinen,689241,211622,,,SZ,SZ,ja
45666,1365_1,Lauerz,686801,209963,,,SZ,SZ,ja
45667,1372_1,SZ,692370,208485,,,SZ,SZ,ja
45668,1364_1,Ingenbohl,689488,206186,,,SZ,SZ,ja
45669,1361_1,Alpthal,696991,214101,,,SZ,SZ,ja
45670,1375_1,Unteriberg,703690,213273,,,SZ,SZ,ja
45671,1368_1,Oberiberg,702101,210734,,,SZ,SZ,ja
45672,1620_1,Netstal,722754,213613,,,,GL,
45673,1609_1,GL,723875,211327,,,,GL,ja
45674,1616_1,Mitlödi,724876,207886,,,,GL,
45675,1628_1,Schwändi,723801,207349,,,,GL,
45676,498_1,Müntschemier,577747,204979,,,Erlach,BE,
45677,2259_1,Galmiz,578640,199810,,,See,FR,ja
45678,2275_2,Murten,575662,197635,,,See,FR,ja
45679,2275_3,Burg bei Murten,577406,197564,,,See,FR,ja
45680,2275_1,Altavilla,578249,198079,,,See,FR,ja
45681,309_5,Matzwil Gm. Radelfingen,587504,204451,,,Aarberg,BE,
45682,309_2,Oltigen Gm. Radelfingen,586205,204056,,,Aarberg,BE,
45683,2265_1,Kerzers,581908,202533,,,See,FR,
45684,671_1,Wileroltigen,584905,202165,,,Laupen,BE,
45685,665_1,Gurbrü,582995,201420,,,Laupen,BE,
45686,668_1,Ledi,588321,199112,,,Laupen,BE,
45687,2260_1,Gempenach,581709,198875,,,See,FR,ja
45688,662_1,Ferenbalm,582720,199702,,,Laupen,BE,ja
45689,668_2,Mauss,586275,198837,,,Laupen,BE,
45690,2278_1,Ulmiz,581901,197961,,,See,FR,ja
45691,662_2,Gammen,583889,196510,,,Laupen,BE,
45692,670_4,Süri,587042,196487,,,Laupen,BE,in Bearb.
45693,2277_1,Salvenach,578114,195621,,,See,FR,ja
45694,2251_1,Courlevon,575085,193382,,,See,FR,ja / ja
45695,2263_1,Guschelmuth,577423,192723,,,See,FR,
45696,2247_1,Cordast,578124,191474,,,See,FR,ja
45697,666_1,Kriechenwil,583964,195629,,,Laupen,BE,
45698,670_3,Bramberg,587946,195148,,,Laupen,BE,
45699,670_1,Landstuhl Gm. Neuenegg,591454,194695,,,Laupen,BE,
45700,2295_1,Bösingen,583976,193559,,,Sense,FR,ja
45701,670_2,Neuenegg,589436,193661,,,Laupen,BE,ja
45702,2262_1,Gurmels,579670,193515,,,See,FR,ja
45703,2309_1,Flamatt,590210,193139,,,Sense,FR,ja
45704,2309_2,Wünnewil,587912,191550,,,Sense,FR,ja
45705,2308_1,Ueberstorf,590225,190418,,,Sense,FR,ja
45706,2305_2,Schmitten ,585516,189402,,,Sense,FR,ja
45707,2293_1,Düdingen,580975,188866,,,Sense,FR,ja
45708,2305_1,Berg,584340,188763,,,Sense,FR,ja
45709,2296_1,Heitenried,589593,186010,,,Sense,FR,ja
45710,2306_1,Tafers,583009,184899,,,Sense,FR,ja
45711,2304_1,St. Ursen,583178,182120,,,Sense,FR,ja
45714,854_1,Waldgasse Gm. Wahlern,591673,183852,,,Schwarzenburg,BE,
45715,2301_1,Rechthalten,584875,179648,,,Sense,FR,ja
45716,2292_1,Brünisried,587694,178973,,,Sense,FR,ja / in Bearb.
45717,852_1,Guggisberg,591626,179573,,,Schwarzenburg,BE,ja
45718,2194_1,Ferpicloz,579193,177407,,,Saane,FR,ja / ja
45719,2303_1,St. Silvester,583269,176695,,,Sense,FR,ja
45720,2300_1,Plasselb,585736,176023,,,Sense,FR,ja
45721,2138_1,Im Fang (Jaun),584599,160811,,,Greyerz,FR,
45722,843_3,Abländschen Gm. Saanen,589930,160076,,,Saanen,BE,ja / ja
45723,307_1,Ortschwaben,596939,204897,,,Aarberg,BE,
45724,360_1,Uettligen,595972,204023,,,BE,BE,
45725,360_2,Wohlen bei BE,593844,202490,,,BE,BE,
45726,663_1,Frauenkappelen,592389,200341,,,Laupen,BE,ja
45727,360_3,Hinterkappelen,595347,201861,,,BE,BE,
45728,355_2,Oberwangen,593998,196016,,,BE,BE,
45729,355_1,Köniz,598193,197033,,,BE,BE,ja
45730,351_1,BE,600420,199553,,,BE,BE,ja
45731,362_1,Ittigen,603500,202491,,,BE,BE,ja
45732,356_1,MUR bei BE,603662,197803,,,BE,BE,
45733,359_1,Lindent(h)al,608977,203438,,,BE,BE,
45734,359_2,Dentenberg,607427,199040,,,BE,BE,in Bearb.
45735,630_1,Allmendingen,611987,176929,,,Konolfingen,BE,ja
45736,359_3,Utzigen,609596,201086,,,BE,BE,
45737,359_4,Vechigen,609307,199453,,,BE,BE,
45738,627_1,Wattenwil Gm. Worb,611024,198991,,,Konolfingen,BE,ja
45739,627_2,Enggistein Gm. Worb,612052,197908,,,Konolfingen,BE,ja
45740,626_1,Wikartswil Gm. Walkringen,612344,199171,,,Konolfingen,BE,ja
45741,406_3,Schafhausen im Emmental,616548,204966,,,Burgdorf,BE,
45742,626_4,Wydimatt Gm. Walkringen,614680,203320,,,Konolfingen,BE,ja
45743,626_2,Bigenthal Gm. Walkringen,614086,201626,,,Konolfingen,BE,ja
45744,626_3,Walkringen,613742,199632,,,Konolfingen,BE,ja
45745,602_1,Lüthiwil,615375,198841,,,Konolfingen,BE,
45746,603_1,Biglen,614376,197074,,,Konolfingen,BE,ja
45747,602_3,Kleinroth Gm. Arni,616370,197170,,,Konolfingen,BE,
45748,602_2,Arni,617244,198225,,,Konolfingen,BE,ja
45749,613_1,Obergoldbach Gm. Landiswil,617833,201093,,,Konolfingen,BE,
45750,905_2,Niederbach Gm. Rüderswil,620311,203804,,,Signau,BE,
45751,905_3,Than Gm. Ranflüh,622960,202800,,,Signau,BE,
45752,905_1,Rüderswil,621637,203631,,,Signau,BE,
45753,903_1,Lauperswil,623014,201587,,,Signau,BE,ja
45754,903_2,Mungnau Gm. Lauperswil,623900,200725,,,Signau,BE,
45755,903_3,Moosegg Gm. Lauperswil,620860,199700,,,Signau,BE,
45756,907_1,Schüpbach Gm. Signau,622718,197619,,,Signau,BE,
45757,907_2,Signau,621853,196557,,,Signau,BE,ja
45758,907_4,Mutten Gm. Signau,623000,200800,,,Signau,BE,ja / ja
45759,903_5,Frittenbach (Unter-)Gm. Lauperswil,624360,202690,,,Signau,BE,
45760,903_4,Ebnit Gm. Lauperswil,624240,202130,,,Signau,BE,
45761,902_1,Ilfis Gm. Langnau,625626,198766,,,Signau,BE,
45762,907_3,Häleschwand Gm. Signau,623921,197549,,,Signau,BE,
45763,902_2,Aeugstmatt Gm. Langnau,626810,201860,,,Signau,BE,
45764,902_3,Oberfrittenbach Gm. Langnau,626290,200980,,,Signau,BE,in Bearb.
45765,902_4,Langnau,626356,198713,,,Signau,BE,ja
45766,902_5,Gohl (Egg) Gm. Langnau,628047,200455,,,Signau,BE,
45767,902_7,Kammershaus Gm. Langnau,629140,199030,,,Signau,BE,
45768,902_6,Bärau Gm. Langnau,628365,198054,,,Signau,BE,
45769,902_8,Gmünden Gm. Langnau,629578,203630,,,Signau,BE,
45770,1007_1,Bramboden Gm. Romoos,641637,203270,,,Entlebuch,LU,
45771,908_1,Fankhaus,637070,202630,,,Signau,BE,ja
45772,908_3,Trub,633397,199134,,,Signau,BE,ja
45773,908_4,Twären Gm. Trub,632460,198230,,,Signau,BE,
45774,909_1,Trubschachen,631019,196824,,,Signau,BE,
45775,909_2,Ortbach Gm. Trubschachen,631060,196900,,,Signau,BE,
45776,909_3,Steinbach Gm. Trubschachen,631600,196361,,,Signau,BE,
45777,1003_1,Glichenberg Gm. Escholzmatt,635052,197436,,,Entlebuch,LU,
45778,1003_5,Escholzmatt,637735,195958,,,Entlebuch,LU,ja
45779,1003_2,Lehn Gm. Escholzmatt,640340,197690,,,Entlebuch,LU,ja
45780,1008_1,Fontannen Gm. Schüpfheim,641679,202447,,,Entlebuch,LU,
45781,1005_3,Hasle,646309,203174,,,Entlebuch,LU,ja
45782,1008_3,Schwand Gm. Schüpfheim,644650,202020,,,Entlebuch,LU,
45783,1005_1,Haldenegg Gm. Hasle,647000,202350,,,Entlebuch,LU,
45784,1008_2,Schüpfheim,643909,200096,,,Entlebuch,LU,ja / ja
45785,1002_1,Finsterwald Gm. Entlebuch,650666,202629,,,Entlebuch,LU,
45786,1506_1,Ennetmoos,668269,200987,,,,NW,ja
45787,355_3,Schliern Gm. Köniz,598294,195343,,,BE,BE,
45788,870_1,Kehrsatz,602570,195307,,,Seftigen,BE,
45789,864_1,Englisberg,602263,194090,,,Seftigen,BE,
45790,877_1,Niedermuhlern,602026,190030,,,Seftigen,BE,
45791,884_1,Toffen,604376,189733,,,Seftigen,BE,
45792,880_1,Hinterfultigen,597049,187484,,,Seftigen,BE,
45793,880_5,Vorderfultigen,598947,187378,,,Seftigen,BE,
45794,880_4,Bütschel Gm. Rüeggisberg,600063,185605,,,Seftigen,BE,
45795,861_1,Belp,604542,193161,,,Seftigen,BE,ja
45796,623_1,Rubigen,608133,194246,,,Konolfingen,BE,ja
45797,631_1,Trimstein Gm. Rubigen,610938,194972,,,Konolfingen,BE,
45798,624_1,Schlosswil,612949,195388,,,Konolfingen,BE,
45799,628_1,Zäziwil,617099,194328,,,Konolfingen,BE,
45800,612_1,Gysenstein Gm. Konolfingen,611647,193239,,,Konolfingen,BE,
45801,612_2,Ursellen Gm. Konolfingen,612727,191972,,,Konolfingen,BE,
45802,612_3,Konolfingen,613931,192215,,,Konolfingen,BE,ja
45803,615_1,Mirchel,615907,193834,,,Konolfingen,BE,
45804,617_1,Niederhünigen,615083,191879,,,Konolfingen,BE,
45805,629_1,Oberhünigen Gm. Schlosswil,616725,192110,,,Konolfingen,BE,
45806,616_1,Münsingen,609212,191409,,,Konolfingen,BE,
45807,862_1,Belpberg,606330,190823,,,Seftigen,BE,
45808,618_1,Niederwichtrach,610472,188742,,,Konolfingen,BE,ja
45809,609_1,Häutligen,612713,189593,,,Konolfingen,BE,
45810,869_1,Kaufdorf,604820,187411,,,Seftigen,BE,
45811,865_1,Gelterfingen,605935,187804,,,Seftigen,BE,ja
45812,866_1,Gerzensee,608035,187500,,,Seftigen,BE,
45813,619_1,Oberdiessbach,613691,187611,,,Konolfingen,BE,
45814,601_1,Aeschlen,615514,187321,,,Konolfingen,BE,
45815,605_1,Bowil,619533,193573,,,Konolfingen,BE,ja
45816,628_2,Reutenen Gm. Zäziwil,618050,192900,,,Konolfingen,BE,
45817,614_1,Otterbach,620033,189687,,,Konolfingen,BE,
45818,614_2,Linden Gm. Ausser-/Innerbirrmoos,618238,188550,,,Konolfingen,BE,
45819,907_5,Höhe Gm. Signau,622900,198700,,,Signau,BE,
45820,901_3,Horben Gm. Eggiwil,625104,194744,,,Signau,BE,
45821,901_4,Kapf Gm. Eggiwil,624260,191450,,,Signau,BE,
45822,904_2,Röthenbach,623035,189330,,,Signau,BE,ja
45823,901_1,Eggiwil,627242,191604,,,Signau,BE,ja
45824,901_2,Siehen,627300,187850,,,Signau,BE,
45825,901_5,Hindten Gm. Eggiwil,629100,191750,,,Signau,BE,
45826,901_6,Leber Gm. Eggiwil,628780,189870,,,Signau,BE,
45827,901_7,Niederberg Gm. Eggiwil,629600,189100,,,Signau,BE,
45828,901_8,Pfaffenmoos Gm. Eggiwil,629370,187820,,,Signau,BE,
45829,908_2,Kröschenbrunnen Gm. Trub,633547,195641,,,Signau,BE,
45830,1003_3,Wiggen Gm. Escholzmatt,635839,193942,,,Entlebuch,LU,
45831,1006_2,Schärlig Gm. Marbach,634637,193086,,,Entlebuch,LU,
45832,1006_1,Buchschachen Gm. Marbach,634000,190000,,,Entlebuch,LU,
45833,1006_3,Marbach,635603,187204,,,Entlebuch,LU,ja
45834,1003_4,Hilferental Gm. Escholzmatt,637050,191160,,,Entlebuch,LU,
45835,1004_2,Sandboden Gm. Flühli,643950,194930,,,Entlebuch,LU,
45836,1004_1,Flühli (Dorf),644033,192600,,,Entlebuch,LU,ja
45837,1407_3,Stalden,685920,193140,,,,OW,
45837,1407_4,Wilen,659850,192430,,,,OW,
45838,1407_1,Sarnen,661497,194116,,,,OW,
45840,1407_2,Sarnen,661497,194116,,,,OW,ja
45841,1406_1,Sachseln,661031,191178,,,,OW,
45842,1403_1,Giswil,656999,187503,,,,OW,ja
45843,854_2,Schwarzenburg,592695,185326,,,Schwarzenburg,BE,
45844,853_1,Gambach,595340,180720,,,Schwarzenburg,BE,ja
45845,880_3,Rohrbach,598251,184355,,,Seftigen,BE,
45846,880_2,Rüeggisberg,600063,185605,,,Seftigen,BE,ja
45847,879_2,Stutz Gm. Riggisberg,600266,184394,,,Seftigen,BE,
45848,881_1,Rümligen,604300,186591,,,Seftigen,BE,
45849,879_1,Riggisberg,603042,184323,,,Seftigen,BE,
45850,882_1,Rüti bei Riggisberg,600888,181118,,,Seftigen,BE,
45851,883_2,Rain Gm. Seftigen,607799,181790,,,Seftigen,BE,
45852,873_1,Kirchenthurnen,604817,185828,,,Seftigen,BE,
45853,876_1,Mühlethurnen,605735,184708,,,Seftigen,BE,
45854,863_2,Burgiwil Gm. Burgistein,605656,182380,,,Seftigen,BE,
45855,863_1,Burgistein,604642,181518,,,Seftigen,BE,ja
45856,886_1,Wattenwil,605434,179872,,,Seftigen,BE,
45857,926_1,Forst-Längenbühl,606391,179136,,,Thun,BE,
45858,875_1,Mühledorf,607627,186430,,,Seftigen,BE,ja
45859,872_1,Kirchdorf ,608238,185520,,,Seftigen,BE,
45860,868_1,Jaberg,610000,185197,,,Seftigen,BE,
45861,878_1,Noflen,608125,183925,,,Seftigen,BE,
45862,883_1,Seftigen,607799,181790,,,Seftigen,BE,ja
45863,867_1,Gurzelen,607263,180968,,,Seftigen,BE,in Bearb.
45864,944_1,Lang Gm. Uetendorf,610275,180420,,,Thun,BE,
45865,944_2,Uetendorf,610275,180420,,,Thun,BE,
45866,885_1,Uttigen,610972,182579,,,Seftigen,BE,
45867,610_1,Herbligen,612779,186326,,,Konolfingen,BE,
45868,606_1,Brenzikofen,613380,185152,,,Konolfingen,BE,ja
45869,604_1,Bleiken,614800,184800,,,Konolfingen,BE,
45870,939_1,Steffisburg,614500,180700,,,Thun,BE,
45871,942_1,Thun,614640,178193,,,Thun,BE,
45872,942_2,Thun 2,614640,178193,,,Thun,BE,
45873,946_1,Wachseldorn,621861,185216,,,Thun,BE,
45874,904_1,Oberei Gm. Röthenbach,624631,185494,,,Signau,BE,
45875,945_1,Unterlangenegg,620356,182901,,,Thun,BE,
45876,935_1,Oberlangenegg,623506,184215,,,Thun,BE,
45877,924_1,Ausser-Eriz Gm. Eriz,624210,181660,,,Thun,BE,ja
45878,935_2,Linden Gm. Oberlangenegg,623860,184180,,,Thun,BE,in Bearb.
45879,931_1,Moosacker Gm. Homberg,618020,181260,,,Thun,BE,
45880,932_1,Buchen,620120,180950,,,Thun,BE,
45881,938_5,Reust Gm. Sigriswil,623410,179750,,,Thun,BE,
45882,932_2,Horrenbach,623500,185700,,,Thun,BE,
45883,937_1,Schwendibach,617029,179894,,,Thun,BE,
45884,931_2,Enzenbühl Gm. Homberg,618700,180120,,,Thun,BE,
45885,940_1,Teuffenthal,620830,179600,,,Thun,BE,
45886,927_1,Heiligenschwendi,618923,177708,,,Thun,BE,
45887,938_4,Meiersmaad Gm. Sigriswil,622286,178398,,,Thun,BE,
45888,906_1,Bumbach Gm. Schangnau ,635223,184831,,,Signau,BE,ja
45889,1002_2,Rothmoos Gm. Entlebuch,649550,204800,,,Entlebuch,LU,
45890,589_1,Ebligen Gm. Oberried,642098,178045,,,Interlaken,BE,
45891,1004_3,Sörenberg Gm. Flühli,645267,185959,,,Entlebuch,LU,in Bearb.
45892,1405_1,Lungern,655064,181883,,,,OW,ja / ja
45893,1405_2,Lungern,655064,181883,,,,OW,
45894,592_1,Schwanden bei Brienz,647157,178871,,,Interlaken,BE,
45895,573_1,Brienz,645300,178250,,,Interlaken,BE,ja
45896,573_2,Kienholz Gm. Brienz,646757,177971,,,Interlaken,BE,
45897,580_1,Hofstetten b. Brienz,648658,178301,,,Interlaken,BE,
45898,574_1,Brienzwiler,650591,178036,,,Interlaken,BE,ja
45899,785_5,Brünigen Gm. Meiringen,653344,178051,,,Oberhasli,BE,
45900,783_1,Hohfluh Gm. Hasliberg,656346,177929,,,Oberhasli,BE,
45901,852_2,Sangernboden Gm. Guggisberg,593373,173530,,,Schwarzenburg,BE,
45902,922_1,Blumenstein,606286,176626,,,Thun,BE,ja
45903,765_1,Oberstocken,608807,174044,,,Niedersimmental,BE,
45904,764_1,Niederstocken,610269,173281,,,Niedersimmental,BE,
45905,763_1,Latterbach,610673,168083,,,Niedersimmental,BE,
45906,942_4,Dürrenast Gm. Thun,614448,176694,,,Thun,BE,
45907,942_3,Schoren,613607,175507,,,Thun,BE,
45908,947_1,Zwieselberg,613507,173123,,,Thun,BE,
45909,767_1,Reutigen,613889,171466,,,Niedersimmental,BE,ja
45910,769_1,Wimmis,615061,169391,,,Niedersimmental,BE,
45911,934_1,Oberhofen am Thunersee,617602,175562,,,Thun,BE,
45912,768_1,Einigen Gm. Spiez,615620,173289,,,Niedersimmental,BE,
45913,768_5,Spiezwiler Gm. Spiez,617220,170334,,,Niedersimmental,BE,
45914,563_3,Hasli Gm. Frutigen,616830,158030,,,Frutigen,BE,
45915,938_1,Schwanden,621222,176083,,,Thun,BE,ja
45916,938_6,Ringoldswil Gm. Sigriswil,619561,175832,,,Thun,BE,
45917,938_7,Tschingel Gm. Sigriswil,620929,174875,,,Thun,BE,
45918,938_3,Gunten Gm. Sigriswil,620140,173536,,,Thun,BE,
45919,938_2,Sigriswil,621082,174109,,,Thun,BE,ja
45921,768_2,Spiez,618488,170597,,,Niedersimmental,BE,ja
45922,768_3,Hondrich Gm. Spiez,618513,169051,,,Niedersimmental,BE,
45923,768_4,Faulensee Gm. Spiez,620193,169369,,,Niedersimmental,BE,ja
45924,571_2,Schmocken Gm. Beatenberg,625300,176200,,,Interlaken,BE,
45925,571_3,Ruchenbühl Gm. Beatenberg,627860,177270,,,Interlaken,BE,ja
45926,571_1,Waldegg Gm. Beatenberg,628609,172332,,,Interlaken,BE,
45927,589_2,Oberried,639774,176287,,,Interlaken,BE,ja
45928,579_1,Habkern,632532,175070,,,Interlaken,BE,ja
45929,590_1,Ringgenberg,634800,172284,,,Interlaken,BE,
45930,590_2,Goldswil Gm. Ringgenberg,633641,171901,,,Interlaken,BE,
45931,593_1,Unterseen,631323,170520,,,Interlaken,BE,ja
45932,581_2,Interlaken,631629,170359,,,Interlaken,BE,ja
45933,587_1,Matten,632592,169705,,,Interlaken,BE,
45934,572_1,Bönigen,634795,170613,,,Interlaken,BE,ja
45935,594_1,Wilderswil,632925,168320,,,Interlaken,BE,
45936,588_1,Niederried,637467,174031,,,Interlaken,BE,
45937,582_1,Iseltwald,640195,173498,,,Interlaken,BE,ja
45938,785_4,Unterbach Gm. Meiringen,651763,176670,,,Oberhasli,BE,
45939,785_2,Zaun Gm. Meiringen,652150,175650,,,Oberhasli,BE,
45940,783_2,Goldern Gm. Hasliberg,658112,176760,,,Oberhasli,BE,
45941,785_1,Hausen,655787,176312,,,Oberhasli,BE,
45942,785_3,Meiringen,656976,175418,,,Oberhasli,BE,ja
45943,783_3,Reuti Gm. Hasliberg,658882,176031,,,Oberhasli,BE,
45944,786_2,Falchern Gm. Schattenhalb,655780,174386,,,Oberhasli,BE,
45945,786_3,Willigen Gm. Schattenhalb,657605,174348,,,Oberhasli,BE,
45946,786_1,Geissholz,658694,173488,,,Oberhasli,BE,
45947,784_2,Wiler,661834,173550,,,Oberhasli,BE,
45948,784_3,Grund Gm. Innertkirchen,660321,172666,,,Oberhasli,BE,
45949,784_1,Unterstock,660488,171497,,,Oberhasli,BE,ja
45950,781_2,Mühlestalden Gm. Gadmen,668000,174900,,,Oberhasli,BE,ja
45951,782_1,Boden Gm. Guttannen,663520,169002,,,Oberhasli,BE,
45952,766_1,Oberwil,599810,167670,,,Niedersimmental,BE,
45953,761_1,Därstetten,604179,167551,,,Niedersimmental,BE,ja
45954,791_1,Boltigen,596261,164017,,,Obersimmental,BE,ja
45955,791_2,Schwarzenmatt Gm. Boltigen,594593,163565,,,Obersimmental,BE,
45956,791_3,Weissenbach Gm. Boltigen,595120,161564,,,Obersimmental,BE,
45957,791_4,Garstatt Gm. Boltigen,595126,160202,,,Obersimmental,BE,
45958,762_1,Oey Gm Diemtigen,610741,167644,,,Niedersimmental,BE,
45959,763_2,Erlenbach,608260,167690,,,Niedersimmental,BE,
45960,762_5,Bächlen Gm. Diemtigen,610678,166071,,,Niedersimmental,BE,ja
45961,762_2,Riedern Gm. Diemtigen,609260,162680,,,Niedersimmental,BE,
45962,762_3,Entschwil Gm. Diemtigen,608647,163065,,,Niedersimmental,BE,in Bearb.
45963,762_4,Zwischenflüh Gm. Diemtigen,605840,161750,,,Niedersimmental,BE,
45964,567_3,Wengi Gm. Reichenbach,617069,161600,,,Frutigen,BE,
45965,563_5,Winklen Gm. Frutigen,616393,161342,,,Frutigen,BE,
45966,563_7,Frutigen,616296,159687,,,Frutigen,BE,ja
45967,563_8,Oberfeld Gm. Frutigen,615213,159445,,,Frutigen,BE,
45968,563_1,Kanderbrück,616816,158942,,,Frutigen,BE,
45969,562_1,Emdthal Gm. Aeschi,618880,166670,,,Frutigen,BE,
45970,566_1,Krattigen,622159,167806,,,Frutigen,BE,
45971,562_2,Aeschiried  Gm. Aeschi,621911,166007,,,Frutigen,BE,ja
45972,567_4,Faltschen  Gm. Reichenbach,620600,164500,,,Frutigen,BE,
45973,567_1,Reudlen  Gm. Reichenbach,618450,163250,,,Frutigen,BE,
45974,567_5,Reichenbach,619660,163800,,,Frutigen,BE,ja
45975,567_6,Kien  Gm. Reichenbach,619130,162654,,,Frutigen,BE,ja
45976,567_7,Scharnachtal Gm.Reichenbach,619826,162385,,,Frutigen,BE,
45977,563_4,Schwandi Gm. Reichenbach,617110,160250,,,Frutigen,BE,
45978,585_1,Leissigen,625900,167198,,,Interlaken,BE,ja
45979,575_1,Därligen,628320,167977,,,Interlaken,BE,
45980,591_1,Saxeten,630056,165087,,,Interlaken,BE,ja
45981,567_2,Kiental  Gm. Reichenbach,621808,159853,,,Frutigen,BE,ja
45982,577_1,Gsteigwiler,633153,167240,,,Interlaken,BE,ja
45983,578_1,Gündlischwand,636296,164622,,,Interlaken,BE,ja
45984,584_1,Isenfluh,635032,163206,,,Interlaken,BE,
45985,584_2,Wengen Gm. Lauterbrunnen,636956,161645,,,Interlaken,BE,ja
45986,584_3,Lauterbrunnen,635962,160848,,,Interlaken,BE,ja
45987,586_1,Lütschental,639084,165238,,,Interlaken,BE,
45988,576_3,Burglauenen  Gm. Grindelwald,641102,165101,,,Interlaken,BE,ja
45989,576_5,Itramen Gm. Grindelwald,643420,163294,,,Interlaken,BE,ja
45990,576_4,Wärgistal Gm. Grindelwald,644926,163134,,,Interlaken,BE,ja
45991,576_6,Scheidegg (Kleine) Gm. Grindelwald,640120,159410,,,Interlaken,BE,ja
45992,782_2,Guttannen,665153,167414,,,Oberhasli,BE,ja / ja
45993,794_1,Mannried  Gm. Zweisimmen,596078,157207,,,Obersimmental,BE,
45994,794_2,Zweisimmen,595145,155796,,,Obersimmental,BE,ja
45995,794_3,Reichenstein  b. Zweisimmen,591680,153070,,,Obersimmental,BE,
45996,793_1,Moos Gm. St. Stephan,596439,151429,,,Obersimmental,BE,ja
45997,793_2,Fermel  Gm. St. Stephan,601200,152265,,,Obersimmental,BE,ja
45998,563_6,Reinisch  Gm. Frutigen,615471,158158,,,Frutigen,BE,
45999,563_9,Ried Gm. Frutigen,613020,156500,,,Frutigen,BE,ja
46000,563_10,Gempelen  Gm. Frutigen,612340,155920,,,Frutigen,BE,
46001,563_11,Linter  Gm. Frutigen,611780,154870,,,Frutigen,BE,
46002,563_2,Rinderwald  Gm. Frutigen,611380,153720,,,Frutigen,BE,
46003,561_1,Ausserschwand  Gm. Adelboden,610230,150130,,,Frutigen,BE,ja
46004,564_1,Mitholz-Blausee Gm. Kandergrund,617331,153542,,,Frutigen,BE,
46005,584_4,Mürren Gm. Lauterbrunnen,634814,156555,,,Interlaken,BE,
46006,584_5,Gimmelwald  Gm. Lauterbrunnen,634622,155124,,,Interlaken,BE,ja
46007,584_6,Stechelberg  Gm. Lauterbrunnen,635599,154950,,,Interlaken,BE,
46008,6065_1,Obergesteln,667930,151751,,,Goms,VS,ja
46009,6071_1,Ulrichen,666595,151019,,,Goms,VS,ja / ja
46010,1510_2,Obbürgen,670292,203845,,,,NW,
46011,1505_1,Ennetbürgen,674166,204253,,,,NW,
46012,1510_1,Stansstad,668592,203241,,,,NW,
46013,1502_1,Buochs,674706,202970,,,,NW,ja
46014,1509_1,Stans,670603,201064,,,,NW,ja
46015,1508_1,Büren Gm. Oberdorf,673000,199230,,,,NW,
46016,1503_1,Dallenwil,672377,197731,,,,NW,
46017,1311_1,Gersau,682924,204990,,,Gersau,SZ,ja / ja
46018,1366_1,Morschach,689768,204078,,,SZ,SZ,
46019,1215_1,Seelisberg,687309,203405,,,,UR,ja
46020,1504_1,Emmetten,682219,201101,,,,NW,
46021,1363_1,Illgau,697854,204886,,,SZ,SZ,in Bearb.
46022,1367_1,Muotathal,700265,203589,,,SZ,SZ,ja
46023,1369_1,Riemenstalden,693397,200331,,,SZ,SZ,
46024,1629_1,Sool,725266,206787,,,,GL,
46025,1627_1,Schwanden,724444,206098,,,,GL,ja
46026,1606_1,Engi,730438,204964,,,,GL,ja / ja
46027,1612_1,Leuggelbach,722168,204026,,,,GL,in Bearb.
46028,1611_1,Hätzingen,721675,202411,,,,GL,
46029,1604_1,Diesbach ,721334,201489,,,,GL,ja
46030,1603_1,Braunwald,718808,199910,,,,GL,
46031,1601_1,Betschwanden,720844,200615,,,,GL,
46032,1626_1,Rüti ,720104,199656,,,,GL,
46033,1615_1,Matt,731797,202702,,,,GL,
46034,1605_1,Elm,732020,197887,,,,GL,ja
46035,1511_2,Wolfenschiessen,672929,195668,,,,NW,ja
46036,1511_1,Altzellen,672807,192358,,,,NW,
46037,1201_1,Altdorf ,690942,192337,,,,UR,
46038,1613_1,Linthal,718741,197583,,,,GL,ja / ja
46039,1613_2,Linthal,718741,197583,,,,GL,
46040,1402_1,Engelberg,673895,185875,,,,OW,ja / ja
46042,1402_2,Engelberg 2,673895,185875,,,,OW,ja
46043,1402_3,Engelberg 3,673895,185875,,,,OW,
46044,1402_4,Engelberg 4,673895,185875,,,,OW,
46045,1206_1,Erstfeld,692461,186194,,,,UR,ja / in Bearb.
46046,1216_2,Silenen,693977,183026,,,,UR,ja
46047,1216_1,Amsteg,694119,180585,,,,UR,ja
46048,3586_1,Valendas,740780,183480,,,Glenner,GR,in Bearb.
46049,781_3,Fuhren  Gm. Gadmen,668364,175788,,,Oberhasli,BE,
46050,3612_1,Meierhof,726935,178794,,,Glenner,GR,ja / ja
46051,3651_1,Camana Gm. Safien,743395,174395,,,Heinzenberg,GR,ja / ja
46052,3603_1,Vals,733413,164437,,,Glenner,GR,
46053,3694_1,Splügen,744444,157597,,,Hinterrhein,GR,ja
46054,3692_1,Medels i. Rhw.,742073,156665,,,Hinterrhein,GR,ja
46055,3693_1,Nufenen,738416,155835,,,Hinterrhein,GR,ja
46056,3691_1,Hinterrhein,735085,154801,,,Hinterrhein,GR,
46057,3293_2,Weisstannen,744961,206038,,,Sargans,SG,ja
46058,3972_1,Seewis im Prättigau,767330,206666,,,Unterlandquart,GR,
46059,3971_1,Fanas,769566,206105,,,Unterlandquart,GR,in Bearb.
46060,3954_1,Malans,762594,205611,,,Unterlandquart,GR,ja
46061,3961_1,Grüsch,768042,205767,,,Unterlandquart,GR,
46062,3942_1,Igis-Landquart,762534,201635,,,Unterlandquart,GR,
46063,3946_1,Untervaz,759603,199545,,,Unterlandquart,GR,ja
46064,3862_1,Furna,770540,200856,,,Oberlandquart,GR,
46065,3962_1,Schiers,771205,204549,,,Unterlandquart,GR,ja
46066,3893_1,St. Antönien,781202,205216,,,Oberlandquart,GR,ja / ja
46067,3891_3,Buchen,773568,201339,,,Oberlandquart,GR,
46068,3891_2,Pany,777642,200097,,,Oberlandquart,GR,
46069,3863_1,Jenaz,773240,200059,,,Oberlandquart,GR,ja
46072,3294_1,Vättis,752464,197340,,,Sargans,SG,ja
46073,3731_1,Felsberg,754997,190260,,,Imboden,GR,in Bearb.
46074,3944_1,Says,763013,197103,,,Unterlandquart,GR,ja
46077,3928_1,St. Peter-Pagig,767602,189653,,,Plessur,GR,
46078,3901_1,Chur,759617,190972,,,Plessur,GR,ja
46079,3861_1,Fideris,775455,198567,,,Oberlandquart,GR,ja / ja
46080,3891_1,Luzein,777306,199186,,,Oberlandquart,GR,
46081,3882_1,Küblis,778152,198598,,,Oberlandquart,GR,ja
46082,3883_1,Saas i/Pr.,780349,198278,,,Oberlandquart,GR,
46083,3871_1,Klosters,786018,194688,,,Oberlandquart,GR,ja / ja
46084,3733_1,Tamins,750176,188443,,,Imboden,GR,ja
46085,3587_1,Arezen Gm. Versam,744818,183137,,,Glenner,GR,ja
46086,3914_1,Praden,763514,188221,,,Plessur,GR,
46087,3927_1,Molinis,769078,188568,,,Plessur,GR,
46088,3911_1,Pasugg,760859,188773,,,Plessur,GR,
46089,3915_1,Tschiertschen,765451,187496,,,Plessur,GR,ja
46090,3912_1,Malix,759766,186673,,,Plessur,GR,ja
46091,3929_1,Peist,770544,189334,,,Plessur,GR,ja
46092,3924_1,Langwies,773502,188048,,,Plessur,GR,ja
46093,3851_3,Davos,783288,187017,,,Oberlandquart,GR,ja
46094,3851_4,Davos Dorf,782700,186785,,,Oberlandquart,GR,
46095,3669_1,Tschappina,748772,172417,,,Heinzenberg,GR,
46096,3670_1,Urmein,750077,173080,,,Heinzenberg,GR,
46097,3668_1,Thusis,753083,173875,,,Heinzenberg,GR,ja
46098,3503_1,Mutten,757737,171663,,,Albula,GR,ja
46099,3851_2,Glaris,778500,179481,,,Oberlandquart,GR,ja
46100,3851_1,Monstein,778375,176042,,,Oberlandquart,GR,ja
46101,3523_1,Wiesen / Tein ,774082,175135,,,Albula,GR,ja / ja
46102,3514_1,Schmitten/Ferrera ,770855,173191,,,Albula,GR,
46103,3695_1,Sufers,747784,159492,,,Hinterrhein,GR,ja
46104,3681_1,Im Bach Gm. Avers,759270,148942,,,Hinterrhein,GR,ja / ja
46105,843_4,Saanen Dorf,586321,148613,,,Saanen,BE,ja
46106,793_3,Matten Gm. St. Stephan,598563,149655,,,Obersimmental,BE,
46107,843_1,Gruben,588123,148406,,,Saanen,BE,
46108,792_1,Gutenbrunnen Gm. Lenk,600487,145877,,,Obersimmental,BE,
46109,843_6,Gstaad Gm. Saanen,588154,147091,,,Saanen,BE,
46110,843_2,Bissen Gm. Saanen,589600,146240,,,Saanen,BE,
46111,792_3,Boden-Aegerten Gm. Lenk,599350,145730,,,Obersimmental,BE,
46112,792_4,Brand Gm. Lenk,600860,145120,,,Obersimmental,BE,
46113,792_2,Lenk,600401,145232,,,Obersimmental,BE,
46114,843_5,Grund Gm. Saanen,587230,143000,,,Saanen,BE,
46115,842_1,Lauenen  Gm. Saanen,591060,141454,,,Saanen,BE,ja / ja
46116,792_5,Pöschenried Gm. Lenk,600360,143650,,,Obersimmental,BE,
46117,792_6,Oberried Gm. Lenk,602380,141900,,,Obersimmental,BE,
46118,561_2,Stiegelschwand Gm. Adelboden,607530,148428,,,Frutigen,BE,in Bearb.
46119,6058_1,Fieschertal,654147,141356,,,Goms,VS,ja / ja
46120,6063_1,Münster,663239,148640,,,Goms,VS,ja
46121,6067_1,Reckingen,661699,146778,,,Goms,VS,ja
46122,6060_1,Gluringen,660926,146178,,,Goms,VS,ja
46123,841_1,Feutersoey Gm. Gsteig,587095,140710,,,Saanen,BE,
46124,841_2,Gsteig,586829,137118,,,Saanen,BE,ja
46125,6057_1,Fiesch,653369,139315,,,Goms,VS,ja
46126,6180_1,Ried-Mörel,645762,134108,,,Raron,VS,ja
46127,6173_1,Bitsch,643843,131810,,,Raron,VS,ja / ja
46128,6199_1,Raron,627823,128957,,,Raron,VS,ja
46129,6101_1,Agarn,617457,127169,,,Leuk,VS,ja / ja
46130,6115_1,Unterems,619862,126741,,,Leuk,VS,ja
46131,6112_1,Oberems,619804,125617,,,Leuk,VS,ja
46132,6193_1,Hasel Gm. Bürchen,629050,125519,,,Raron,VS,ja / ja
46133,6007_1,Naters,642316,130630,,,Brig,VS,ja
46134,6191_1,Ausserberg,631620,129163,,,Raron,VS,ja
46135,6004_1,Eggerberg,634066,128481,,,Brig,VS,ja / ja
46136,6298_1,Visperterminen,635777,123168,,,Visp,VS,ja / ja
46137,6008_1,Ried bei Brig,644368,129132,,,Brig,VS,ja
46138,6292_1,St. Niklaus,628032,113812,,,Visp,VS,ja
46139,6293_1,Stalden ,633348,120289,,,Visp,VS,ja
46140,6009_1,Simplon,647676,116233,,,Brig,VS,ja
46141,6289_1,Saas-Balen,637848,111569,,,Visp,VS,ja
46142,6291_1,Saas-Grund,638482,108053,,,Visp,VS,ja / ja
46143,6011_1,Zwischbergen,652239,112526,,,Brig,VS,ja / ja
46144,6295_1,Täsch,626253,101767,,,Visp,VS,ja
46145,6300_1,Zermatt,623812,96492,,,Visp,VS,ja / ja
42823/24,3255_1,Rebstein,761795,251945,,,Oberrheintal,SG,ja
42825/26,3251_3,Lüchingen,759765,250631,,,Oberrheintal,SG,ja
44642/43,53_1,Bülach,682668,264267,,,Bülach,ZH,
44715/16,4261_1,Wallbach,634858,267584,,,Rheinfelden,AG,
44833/34,2481_1,Witterswil,606351,259376,,,Dorneck,SO,
44863/64,2492_1,Kienberg,639919,254350,,,Gösgen,SO,
45043/44,4275_2,Kirchleerau 2,647237,236355,,,Zofingen,AG,
45363/64,176_2,Grafstal,695151,255630,,,Pfäffikon,ZH,
45587/88,6_1,Uerzlikon,680192,230767,,,Affoltern,ZH,
45621/23,1346_1,Schübelbach,713893,226026,,,March,SZ,
45712/13,2291_1,Alterswil,586386,182651,,,Sense,FR,ja
46075/76,3923_1,Castiel,765340,189924,,,Plessur,GR,
80000,4174_1,Oberhofen ,652286,267340,,,Laufenburg,AG,
80001,3005_2,Berg Gm. Stein ,743530,250450,,,Hinterland,AR,ja
80002,3025_2,Hüttschwendi Gm.Trogen,753850,252110,,,Mittelland,AR,ja
80003,3038_3,Hasli Gm. Wolfhalden,759670,258940,,,Vorderland,AR,ja
80004,576_1,Endweg Gm. Grindelwald,645383,163544,,,Interlaken,BE,ja / ja
80005,576_2,Talhaus Gm. Grindelwald,646555,163948,,,Interlaken,BE,ja
80006,781_1,Gadmen,669878,176754,,,Oberhasli,BE,ja
80007,951_1,Affoltern i.E.,622311,212696,,,Trachselwald,BE,ja
80008,952_1,Dürrenroth,626842,215516,,,Trachselwald,BE,ja
80009,953_1,Eriswil,631333,214358,,,Trachselwald,BE,ja
80010,957_4,Fritzenhaus Gm. Wasen i.E.,630240,211032,,,Trachselwald,BE,
80011,954_1,Huttwil,631195,218048,,,Trachselwald,BE,ja
80012,958_1,Kramershaus Gm. Heimisbach,624515,206824,,,Trachselwald,BE,
80013,956_1,Rüegsau,617904,208296,,,Trachselwald,BE,ja
80014,957_3,Schonegg Gm. Sumiswald,623675,210023,,,Trachselwald,BE,
80015,957_1,Sumiswald,623326,208524,,,Trachselwald,BE,ja
80016,959_1,Walterswil ,625819,218077,,,Trachselwald,BE,
80017,957_2,Wasen i.E.,627436,210385,,,Trachselwald,BE,
80018,960_1,Wyssachen,629610,214258,,,Trachselwald,BE,
80019,2299_1,Lichtena,587286,167939,,,Sense,FR,
80020,2301_2,Weissenstein Gm. Rechthalten,584930,179650,,,Sense,FR,
80021,3251_2,Lienz,757260,238356,,,Oberrheintal,SG,
80022,3216_1,Langmoos Gm. Rorschacherberg,756006,260067,,,Rorschach,SG,
80023,5304_1,Bosco/Gurin,681140,130000,,,,TI,ja / ja
80024,4411_2,Hegi,744556,264558,,,Arbon,TG,
80025,4411_4,Ringenzeichen Gm. Egnach,746741,265842,,,Arbon,TG,
80026,,Aachen bei Arbon,,,,,,TG,
80027,4486_1,Hoferberg Gm. Wilen-Gottsberg,739034,261874,,,Bischofszell,TG,
80028,4681_1,Eggethof,736142,271321,,,Kreuzlingen,TG,
80029,4761_2,Egg (Sirnach),716270,256715,,,Münchwilen,TG,
80030,4791_1,Gabris,729194,261592,,,Münchwilen,TG,
80031,4756_2,Wartenwil,726610,263742,,,Münchwilen,TG,
80033,3101_1,Appenzell,748965,243838,,,,AI,ja
,3752_1,Compatsch Gm. Samnaun,822422,203309,,,Inn,GR,
,13_2,Dägerst,679529,239189,,,Affoltern,ZH,
,3102_1,Gonten,744273,243694,,,,AI,
,3103_1,Rüte,750549,242991,,,,AI,
,3104_1,Schlatt-Haslen,747915,246926,,,,AI,
,3105_1,Schwende,751014,240715,,,,AI,
,4401_3,Stachen,748645,263714,,,Arbon,TG,
,3006_2,Urnäsch,739644,242472,,,Hinterland,AR,ja
,261_1,Zürich,682736,248230,,,Zürich,ZH,
,,,,,,,,,
,,,,,,,,,
Liechtenstein,,,,,,,,,
42972/73,,Balzers-Mäls,,,,,,LI,ja
42913/14,,Eschen,,,,,,LI,
42907/08,,Gamprin,,,,,,LI,
42909/10,,Mauren,,,,,,LI,
42915/16,,Nendeln,,,,,,LI,
42905/06,,Planken,,,,,,LI,
42901/02,,Ruggell,,,,,,LI,
42917,,Schaan,,,,,,LI,
42911/12,,Schaanwald,,,,,,LI,
42903/04,,Schellenberg,,,,,,LI,
42949/50,,Triesen,,,,,,LI,
42947/48,,Triesenberg,,,,,,LI,
42946,,Vaduz,,,,,,LI,
